Total_Price,Nbr_trips_per_wk,Total_Exp_wk_perc,Raw_meats_wk,Vegetables_wk,Cooking_base_wk,Breakfast_wk,Transport_wk,Electronics_wk,Education_wk,Cosmetics_and_selfcare_wk,Clothes_and_shoes_wk,Expenditure_per_wk,prediction
3.29,3,0.1917249417249417,0,0,0,0,0,1,0,0,0,17.16,18.844135281088597
10.89,3,0.6346153846153847,0,0,0,0,0,1,0,0,0,17.16,21.880972791751233
2.98,3,0.1736596736596736,0,0,0,0,0,1,0,0,0,17.16,17.1599992943558
10.0,4,0.3485535029627048,0,0,0,0,0,1,0,0,0,28.69,29.61172553097485
5.91,4,0.2059951202509585,0,0,0,0,0,1,0,0,0,28.69,28.690000961030478
2.09,4,0.0728476821192053,0,0,0,0,0,1,0,0,0,28.69,28.94183498253858
10.69,4,0.3726036946671314,0,0,0,0,0,1,0,0,0,28.69,28.68999900421761
5.5,3,0.1352348168182935,0,0,0,0,0,1,0,0,0,40.67,40.67000021437319
14.99,3,0.368576346201131,0,0,0,0,0,1,0,0,0,40.67,40.670003799936296
20.18,3,0.4961888369805753,0,0,0,0,0,1,0,0,0,40.67,40.6699958970958
32.99,1,1.0,0,0,0,0,0,0,0,0,0,32.99,32.99000047448405
9.98,1,1.0,0,0,0,0,0,0,0,0,0,9.98,9.980003528153134
32.99,1,1.0,0,0,0,0,0,0,0,0,0,32.99,32.99000047448405
32.99,1,1.0,0,0,0,0,0,0,0,0,0,32.99,32.99000047448405
598.99,1,1.0,0,0,0,0,0,0,0,0,0,598.99,598.9899968078792
32.99,1,1.0,0,0,0,0,0,0,0,0,0,32.99,32.99000047448405
32.99,1,1.0,0,0,0,0,0,0,0,0,0,32.99,32.99000047448405
8.15,2,0.5383091149273448,1,0,3,0,0,0,0,0,1,15.14,15.140002069182302
6.99,2,0.4616908850726552,1,0,3,0,0,0,0,0,1,15.14,15.13999833843313
2.99,1,1.0,0,0,0,0,0,0,0,0,0,2.99,2.178679932745098
9.99,3,0.3024523160762942,3,8,0,0,0,0,1,0,0,33.03,33.73386560939356
8.5,3,0.2573418104753254,3,8,0,0,0,0,1,0,0,33.03,33.030001253008635
14.54,3,0.4402058734483802,3,8,0,0,0,0,1,0,0,33.03,33.030005571405695
5.9,3,0.2603706972639011,4,6,0,0,0,0,0,2,0,22.66,23.571194380437845
8.54,3,0.3768755516328331,4,6,0,0,0,0,0,2,0,22.66,22.660003956846836
8.22,3,0.3627537511032657,4,6,0,0,0,0,0,2,0,22.66,22.659994661169932
8.1,3,0.2550377833753148,4,8,3,0,0,0,0,1,0,31.76,31.760001726733478
6.78,3,0.2134760705289672,4,8,3,0,0,0,0,1,0,31.76,31.76000357763145
16.88,3,0.5314861460957179,4,8,3,0,0,0,0,1,0,31.76,31.75999792909988
10.66,2,0.3530970520039748,3,10,0,0,0,0,0,1,0,30.19,30.189999669214956
19.53,2,0.6469029479960252,3,10,0,0,0,0,0,1,0,30.19,30.190002522125496
8.27,3,0.2269484083424807,3,9,0,0,0,0,1,0,0,36.44,36.439999667114776
16.99,3,0.4662458836443469,3,9,0,0,0,0,1,0,0,36.44,36.44000693954686
11.18,3,0.3068057080131723,3,9,0,0,0,0,1,0,0,36.44,36.43999425811195
18.98,7,0.1665789011760576,3,9,0,0,0,0,0,4,6,113.94,113.93999999665759
2.0,7,0.0175530981218185,3,9,0,0,0,0,0,4,6,113.94,108.97499573765484
32.0,7,0.280849569949096,3,9,0,0,0,0,0,4,6,113.94,119.1280471897605
15.18,7,0.1332280147446024,3,9,0,0,0,0,0,4,6,113.94,123.24857978809636
25.0,7,0.2194137265227312,3,9,0,0,0,0,0,4,6,113.94,123.76120051109218
10.82,7,0.0949622608390381,3,9,0,0,0,0,0,4,6,113.94,118.70702651607745
9.96,7,0.0874144286466561,3,9,0,0,0,0,0,4,6,113.94,113.9400008517691
30.33,4,0.4651840490797546,4,4,1,0,0,0,0,1,0,65.2,62.200497473767044
11.25,4,0.1725460122699386,4,4,1,0,0,0,0,1,0,65.2,65.20000189844973
6.32,4,0.0969325153374233,4,4,1,0,0,0,0,1,0,65.2,65.19999848589647
17.3,4,0.2653374233128834,4,4,1,0,0,0,0,1,0,65.2,73.50588593549863
7.44,4,0.2367918523233609,4,4,1,0,0,0,0,2,0,31.42,31.420002975620122
1.29,4,0.0410566518141311,4,4,1,0,0,0,0,2,0,31.42,32.36621731932827
20.61,4,0.6559516231699554,4,4,1,0,0,0,0,2,0,31.42,41.13694598955925
2.08,4,0.0661998726925525,4,4,1,0,0,0,0,2,0,31.42,31.420005484041297
18.67,2,0.935370741482966,3,7,1,0,0,0,0,0,0,19.96,22.541508258551872
1.29,2,0.064629258517034,3,7,1,0,0,0,0,0,0,19.96,21.892988033253005
9.49,2,0.5379818594104309,2,0,0,0,0,0,0,3,0,17.64,17.640001952968092
8.15,2,0.4620181405895692,2,0,0,0,0,0,0,3,0,17.64,17.639998067374478
22.97,1,1.0,3,6,0,0,0,0,0,1,0,22.97,31.709189505705027
19.74,6,0.459604190919674,3,0,1,0,0,0,0,4,0,42.95,42.94999736439688
0.99,6,0.0230500582072176,3,0,1,0,0,0,0,4,0,42.95,42.95000019968229
7.32,6,0.1704307334109429,3,0,1,0,0,0,0,4,0,42.95,42.95000031981655
5.22,6,0.1215366705471478,3,0,1,0,0,0,0,4,0,42.95,42.94999806943957
8.69,6,0.2023282887077997,3,0,1,0,0,0,0,4,0,42.95,42.950000134833616
0.99,6,0.0230500582072176,3,0,1,0,0,0,0,4,0,42.95,42.95000019968229
14.34,4,0.3246547430382613,5,10,1,0,0,0,0,3,1,44.17,44.17000232002606
6.1,4,0.1381027846954947,5,10,1,0,0,0,0,3,1,44.17,44.35555660450916
17.58,4,0.3980076975322617,5,10,1,0,0,0,0,3,1,44.17,46.20808181792174
6.15,4,0.1392347747339823,5,10,1,0,0,0,0,3,1,44.17,44.170001276432885
6.34,4,0.1595771457337024,4,8,0,0,0,0,0,2,2,39.73,38.989412331760036
4.8,4,0.1208155046564308,4,8,0,0,0,0,0,2,2,39.73,39.72999949408565
13.54,4,0.3408004027183487,4,8,0,0,0,0,0,2,2,39.73,41.85247672313608
15.05,4,0.3788069468915177,4,8,0,0,0,0,0,2,2,39.73,41.87021558929095
29.99,4,0.5593062290190227,3,6,2,0,0,1,0,3,0,53.62,59.74813901784037
5.45,4,0.1016411786646773,3,6,2,0,0,1,0,3,0,53.62,53.61999814507931
3.95,4,0.0736665423349496,3,6,2,0,0,1,0,3,0,53.62,53.619991773803406
14.23,4,0.2653860499813502,3,6,2,0,0,1,0,3,0,53.62,55.91760354048893
1.67,5,0.0699329983249581,3,6,0,0,0,0,0,0,0,23.880000000000003,23.88000471669369
0.75,5,0.0314070351758793,3,6,0,0,0,0,0,0,0,23.880000000000003,21.049520931557225
0.49,5,0.0205192629815745,3,6,0,0,0,0,0,0,0,23.880000000000003,51.84532627327562
10.0,5,0.4187604690117252,3,6,0,0,0,0,0,0,0,23.880000000000003,23.88000612677709
10.97,5,0.4593802345058626,3,6,0,0,0,0,0,0,0,23.880000000000003,23.879996976228952
3.46,5,0.1500433651344319,3,6,3,0,0,0,0,3,0,23.06,23.06000251769281
2.66,5,0.1153512575888985,3,6,3,0,0,0,0,3,0,23.06,23.580135344416192
3.99,5,0.1730268863833478,3,6,3,0,0,0,0,3,0,23.06,23.05999738974593
0.49,5,0.0212489158716392,3,6,3,0,0,0,0,3,0,23.06,24.85141739774312
12.46,5,0.5403295750216826,3,6,3,0,0,0,0,3,0,23.06,25.448714210749046
4.82,5,0.1103732539500801,3,8,2,0,0,0,1,3,0,43.67,43.67000198135497
1.47,5,0.0336615525532402,3,8,2,0,0,0,1,3,0,43.67,39.864823699399295
19.99,5,0.4577513166933822,3,8,2,0,0,0,1,3,0,43.67,43.66999771411963
13.35,5,0.3057018548202427,3,8,2,0,0,0,1,3,0,43.67,43.34864835746866
4.04,5,0.0925120219830547,3,8,2,0,0,0,1,3,0,43.67,43.670003689089754
6.0,5,0.1921229586935638,4,4,0,0,0,0,0,2,0,31.23,31.227012347029444
2.65,5,0.084854306756324,4,4,0,0,0,0,0,2,0,31.23,31.299320572293922
3.45,5,0.1104707012487992,4,4,0,0,0,0,0,2,0,31.23,31.229998920097557
10.47,5,0.335254562920269,4,4,0,0,0,0,0,2,0,31.23,31.69873686912294
8.66,5,0.2772974703810438,4,4,0,0,0,0,0,2,0,31.23,31.23000207245188
0.49,5,0.0215954164830321,2,3,0,0,0,0,0,5,0,22.69,22.689999042638362
5.03,5,0.2216835610401057,2,3,0,0,0,0,0,5,0,22.69,22.69000295920138
10.99,5,0.4843543411194358,2,3,0,0,0,0,0,5,0,22.69,24.720903291342623
3.43,5,0.1511679153812252,2,3,0,0,0,0,0,5,0,22.69,22.68999587987068
2.75,5,0.1211987659762009,2,3,0,0,0,0,0,5,0,22.69,22.690004877789832
6.17,4,0.189031862745098,5,14,0,0,0,0,0,0,0,32.64,32.64000149298096
4.91,4,0.1504289215686274,5,14,0,0,0,0,0,0,0,32.64,33.51523084908476
9.86,4,0.3020833333333333,5,14,0,0,0,0,0,0,0,32.64,32.639999989643286
11.7,4,0.3584558823529411,5,14,0,0,0,0,0,0,0,32.64,35.20338899915021
2.76,3,0.1091772151898734,2,13,0,0,0,0,0,1,0,25.28,25.279998582187176
10.58,3,0.4185126582278481,2,13,0,0,0,0,0,1,0,25.28,25.279995877130943
11.94,3,0.4723101265822784,2,13,0,0,0,0,0,1,0,25.28,25.280001465630264
12.99,3,0.4448630136986301,3,9,0,0,0,0,1,3,0,29.2,29.19999868626357
8.53,3,0.2921232876712328,3,9,0,0,0,0,1,3,0,29.2,29.200000816545483
7.68,3,0.2630136986301369,3,9,0,0,0,0,1,3,0,29.2,29.199998499884742
5.89,6,0.2150419861263234,4,5,0,0,0,0,0,2,0,27.39,27.789137947736393
4.8,6,0.1752464403066812,4,5,0,0,0,0,0,2,0,27.39,27.390004468908202
1.75,6,0.0638919313618108,4,5,0,0,0,0,0,2,0,27.39,27.38999486038911
4.0,6,0.1460387002555677,4,5,0,0,0,0,0,2,0,27.39,27.389996824635332
9.96,6,0.3636363636363636,4,5,0,0,0,0,0,2,0,27.39,27.38999626642311
0.99,6,0.036144578313253,4,5,0,0,0,0,0,2,0,27.39,27.390001973917606
5.8,5,0.0788686429154201,3,6,3,0,0,0,0,6,0,73.53999999999999,73.54000424412003
32.99,5,0.4485994016861572,3,6,3,0,0,0,0,6,0,73.53999999999999,64.8537509144322
7.8,5,0.1060647266793581,3,6,3,0,0,0,0,6,0,73.53999999999999,73.53999858155078
13.15,5,0.1788142507478923,3,6,3,0,0,0,0,6,0,73.53999999999999,74.10628425541105
13.8,5,0.1876529779711721,3,6,3,0,0,0,0,6,0,73.53999999999999,75.03195862096767
10.0,4,0.2483854942871336,6,11,1,0,0,0,0,2,0,40.26,39.49144592535595
10.77,4,0.2675111773472429,6,11,1,0,0,0,0,2,0,40.26,39.97776870962086
16.56,4,0.4113263785394933,6,11,1,0,0,0,0,2,0,40.26,40.25999649136449
2.93,4,0.0727769498261301,6,11,1,0,0,0,0,2,0,40.26,40.26000300783345
4.15,2,0.1325031928480204,2,10,2,1,0,0,0,3,0,31.32,30.51537790373139
27.17,2,0.8674968071519796,2,10,2,1,0,0,0,3,0,31.32,33.51264542619755
8.43,6,0.0949645150388644,4,13,0,1,0,1,0,2,0,88.77,88.77000291412183
17.99,6,0.2026585558184071,4,13,0,1,0,1,0,2,0,88.77,85.89860711154243
39.94,6,0.4499267770643235,4,13,0,1,0,1,0,2,0,88.77,88.7699992322324
1.79,6,0.0201644699785963,4,13,0,1,0,1,0,2,0,88.77,88.7700050565834
7.79,6,0.0877548721414892,4,13,0,1,0,1,0,2,0,88.77,88.76999747352409
12.83,6,0.1445308099583192,4,13,0,1,0,1,0,2,0,88.77,88.7701012945835
1.19,6,0.0239919354838709,2,9,1,1,0,0,2,1,0,49.6,49.599996439304775
7.99,6,0.1610887096774193,2,9,1,1,0,0,2,1,0,49.6,49.59999995258359
9.99,6,0.2014112903225806,2,9,1,1,0,0,2,1,0,49.6,49.59999930846962
9.99,6,0.2014112903225806,2,9,1,1,0,0,2,1,0,49.6,49.59999930846962
6.48,6,0.1306451612903225,2,9,1,1,0,0,2,1,0,49.6,49.59999969245483
13.96,6,0.2814516129032258,2,9,1,1,0,0,2,1,0,49.6,49.60000399119414
4.5,10,0.0648041474654377,1,6,0,0,0,0,0,1,0,69.44,69.46852711720197
10.0,10,0.1440092165898617,1,6,0,0,0,0,0,1,0,69.44,69.38166057541059
4.99,10,0.071860599078341,1,6,0,0,0,0,0,1,0,69.44,69.44000606257651
4.5,10,0.0648041474654377,1,6,0,0,0,0,0,1,0,69.44,69.46852711720197
15.16,10,0.2183179723502304,1,6,0,0,0,0,0,1,0,69.44,69.4399974922934
1.45,10,0.0208813364055299,1,6,0,0,0,0,0,1,0,69.44,69.42675775946762
4.37,10,0.0629320276497695,1,6,0,0,0,0,0,1,0,69.44,69.4400095855371
9.5,10,0.1368087557603686,1,6,0,0,0,0,0,1,0,69.44,69.41997749730496
5.0,10,0.0720046082949308,1,6,0,0,0,0,0,1,0,69.44,69.43994375614612
9.97,10,0.1435771889400922,1,6,0,0,0,0,0,1,0,69.44,69.37583409570524
11.79,5,0.10695817835435,4,18,0,0,0,0,0,3,5,110.23,110.22999886855605
16.5,5,0.1496870180531616,4,18,0,0,0,0,0,3,5,110.23,110.23000345952235
3.0,5,0.0272158214642112,4,18,0,0,0,0,0,3,5,110.23,110.2300017718654
59.05,5,0.535698085820557,4,18,0,0,0,0,0,3,5,110.23,110.22999977958858
19.89,5,0.1804408963077202,4,18,0,0,0,0,0,3,5,110.23,110.22999717644772
32.99,8,0.1232165533726749,3,8,1,1,0,2,0,3,0,267.74,267.7399977599225
16.81,8,0.0627847912153581,3,8,1,1,0,2,0,3,0,267.74,267.7400016211022
24.99,8,0.0933368193023082,3,8,1,1,0,2,0,3,0,267.74,267.89844622947976
28.0,8,0.1045790692462837,3,8,1,1,0,2,0,3,0,267.74,267.7400050338158
9.84,8,0.0367520729065511,3,8,1,1,0,2,0,3,0,267.74,267.7400009746191
139.95,8,0.5227085978934787,3,8,1,1,0,2,0,3,0,267.74,267.7399994504205
1.65,8,0.0061626951520131,3,8,1,1,0,2,0,3,0,267.74,267.7400033016031
13.51,8,0.0504594009113318,3,8,1,1,0,2,0,3,0,267.74,267.73999544240144
148.32,5,0.7077011165187518,2,8,0,0,22,1,0,0,0,209.58,209.58000092562725
7.22,5,0.0344498520851226,2,8,0,0,22,1,0,0,0,209.58,209.57999911135616
24.4,5,0.1164233228361485,2,8,0,0,22,1,0,0,0,209.58,209.58000071845868
16.19,5,0.0772497375703788,2,8,0,0,22,1,0,0,0,209.58,209.57999928068625
13.45,5,0.0641759709895982,2,8,0,0,22,1,0,0,0,209.58,209.58000208563027
22.22,5,0.3873104409970367,2,12,0,0,19,0,0,3,0,57.37,57.36999989050685
0.98,5,0.0170820986578351,2,12,0,0,19,0,0,3,0,57.37,57.3700021060151
1.85,5,0.0322468188948928,2,12,0,0,19,0,0,3,0,57.37,57.36999957131949
16.43,5,0.2863866132124804,2,12,0,0,19,0,0,3,0,57.37,57.3700006617425
15.89,5,0.2769740282377549,2,12,0,0,19,0,0,3,0,57.37,57.36999588318073
10.0,9,0.0570027931368637,5,15,0,0,0,6,0,3,0,175.43,175.4299997667482
36.42,9,0.2076041726044576,5,15,0,0,0,6,0,3,0,175.43,175.43000071418984
6.92,9,0.0394459328507096,5,15,0,0,0,6,0,3,0,175.43,175.42999921578917
3.79,9,0.0216040585988713,5,15,0,0,0,6,0,3,0,175.43,175.46602230663981
11.99,9,0.0683463489710995,5,15,0,0,0,6,0,3,0,175.43,175.43000135909435
19.45,9,0.1108704326511999,5,15,0,0,0,6,0,3,0,175.43,175.42999828464303
10.94,9,0.0623610556917288,5,15,0,0,0,6,0,3,0,175.43,175.4318172305194
10.22,9,0.0582568545858747,5,15,0,0,0,6,0,3,0,175.43,175.42999714276502
65.7,9,0.3745083509091945,5,15,0,0,0,6,0,3,0,175.43,175.42999926908846
14.12,2,0.5858921161825725,1,9,0,0,0,0,0,1,0,24.1,24.100002560867665
9.98,2,0.4141078838174273,1,9,0,0,0,0,0,1,0,24.1,24.100000278806604
329.99,5,0.9023763296781429,2,13,0,0,0,1,0,1,0,365.69,308.67916149579025
8.48,5,0.0231890398971806,2,13,0,0,0,1,0,1,0,365.69,348.15734205942465
5.5,5,0.0150400612540676,2,13,0,0,0,1,0,1,0,365.69,510.50280897886876
17.72,5,0.0484563428040143,2,13,0,0,0,1,0,1,0,365.69,214.60608568941095
4.0,5,0.0109382263665946,2,13,0,0,0,1,0,1,0,365.69,365.6900024991121
9.35,2,0.2722772277227723,1,5,0,1,0,0,0,0,0,34.34,34.33989019408328
24.99,2,0.7277227722772277,1,5,0,1,0,0,0,0,0,34.34,34.3400034192136
10.0,3,0.2931691586045148,2,11,0,1,0,0,0,1,0,34.11,33.72487443894262
11.81,3,0.346232776311932,2,11,0,1,0,0,0,1,0,34.11,34.11000283051658
12.3,3,0.3605980650835532,2,11,0,1,0,0,0,1,0,34.11,34.1099996874525
7.38,2,0.3077564637197664,3,13,1,1,0,0,0,1,0,23.98,23.98000174496167
16.6,2,0.6922435362802336,3,13,1,1,0,0,0,1,0,23.98,23.059756616779808
15.94,5,0.3552484956541119,1,7,0,1,0,0,0,9,0,44.87,44.869998551063176
7.35,5,0.1638065522620904,1,7,0,1,0,0,0,9,0,44.87,44.870001708266216
13.11,5,0.2921774013817695,1,7,0,1,0,0,0,9,0,44.87,44.86999876726071
2.18,5,0.0485848005348785,1,7,0,1,0,0,0,9,0,44.87,44.86999884357034
6.29,5,0.1401827501671495,1,7,0,1,0,0,0,9,0,44.87,43.08673689766306
23.99,8,0.208644981735954,3,18,1,1,0,1,4,0,0,114.98,114.98000097455505
12.99,8,0.1129761697686554,3,18,1,1,0,1,4,0,0,114.98,114.97999939331132
7.54,8,0.065576622021221,3,18,1,1,0,1,4,0,0,114.98,114.97999993033427
12.99,8,0.1129761697686554,3,18,1,1,0,1,4,0,0,114.98,114.97999939331132
12.99,8,0.1129761697686554,3,18,1,1,0,1,4,0,0,114.98,114.97999939331132
12.99,8,0.1129761697686554,3,18,1,1,0,1,4,0,0,114.98,114.97999939331132
12.49,8,0.1086275874065055,3,18,1,1,0,1,4,0,0,114.98,114.98000375062557
19.0,8,0.1652461297616977,3,18,1,1,0,1,4,0,0,114.98,114.97094488804697
5.73,4,0.1846005154639175,2,14,1,2,0,0,0,2,0,31.04,31.040000520800774
10.0,4,0.3221649484536082,2,14,1,2,0,0,0,2,0,31.04,30.180422637144474
5.01,4,0.1614046391752577,2,14,1,2,0,0,0,2,0,31.04,31.03999896241028
10.3,4,0.3318298969072165,2,14,1,2,0,0,0,2,0,31.04,30.40151316826929
8.25,2,0.4568106312292358,1,6,0,1,0,0,0,0,0,18.06,18.06000368991782
9.81,2,0.5431893687707641,1,6,0,1,0,0,0,0,0,18.06,18.060000571505967
1.05,3,0.08816120906801,1,10,3,1,0,0,0,0,0,11.91,11.909996943179678
9.86,3,0.8278757346767421,1,10,3,1,0,0,0,0,0,11.91,14.687892768879777
1.0,3,0.0839630562552476,1,10,3,1,0,0,0,0,0,11.91,11.91000297606925
11.18,4,0.040855106888361,2,5,0,1,0,0,0,1,0,273.65000000000003,273.6500029175427
0.62,4,0.0022656678238625,2,5,0,1,0,0,0,1,0,273.65000000000003,273.6500018644574
254.58,4,0.9303124429015164,2,5,0,1,0,0,0,1,0,273.65000000000003,273.6499986033561
7.27,4,0.0265667823862598,2,5,0,1,0,0,0,1,0,273.65000000000003,365.0279936626213
3.63,5,0.0103195360473049,3,18,3,0,0,0,0,0,0,351.76,351.7599980318296
303.99,5,0.8641971798953832,3,18,3,0,0,0,0,0,0,351.76,351.75999997457905
10.0,5,0.0284284739595178,3,18,3,0,0,0,0,0,0,351.76,351.7600006323311
20.64,5,0.0586763702524448,3,18,3,0,0,0,0,0,0,351.76,200.03103046825106
13.5,5,0.0383784398453491,3,18,3,0,0,0,0,0,0,351.76,351.7600007227732
11.99,9,0.1170098565433785,4,27,7,0,1,0,0,2,0,102.47,102.46999783378534
2.31,9,0.0225431833707426,4,27,7,0,1,0,0,2,0,102.47,102.47000316011005
2.19,9,0.0213721089099248,4,27,7,0,1,0,0,2,0,102.47,102.46999861764755
10.16,9,0.0991509710159071,4,27,7,0,1,0,0,2,0,102.47,102.47000146328563
35.52,9,0.3466380404020689,4,27,7,0,1,0,0,2,0,102.47,102.47000031624826
10.0,9,0.0975895384014833,4,27,7,0,1,0,0,2,0,102.47,102.51538319489146
15.0,9,0.146384307602225,4,27,7,0,1,0,0,2,0,102.47,102.48326809970133
6.5,9,0.0634331999609641,4,27,7,0,1,0,0,2,0,102.47,102.47385055091081
8.8,9,0.0858787937933053,4,27,7,0,1,0,0,2,0,102.47,102.52144764067472
7.4,6,0.1003389830508474,4,21,4,0,0,0,0,2,0,73.75,73.74999966596693
32.99,6,0.4473220338983051,4,21,4,0,0,0,0,2,0,73.75,63.588343718598736
0.99,6,0.0134237288135593,4,21,4,0,0,0,0,2,0,73.75,73.74999804590212
10.0,6,0.135593220338983,4,21,4,0,0,0,0,2,0,73.75,73.75000439332958
11.49,6,0.1557966101694915,4,21,4,0,0,0,0,2,0,73.75,70.95492925375731
10.88,6,0.1475254237288135,4,21,4,0,0,0,0,2,0,73.75,78.45286390490308
108.19,7,0.6280257734950948,3,11,3,0,0,0,1,1,0,172.27,170.01623197761953
5.07,7,0.0294305450745922,3,11,3,0,0,0,1,1,0,172.27,172.27000124403594
12.99,7,0.075404887676322,3,11,3,0,0,0,1,1,0,172.27,172.26994449795555
12.84,7,0.0745341614906832,3,11,3,0,0,0,1,1,0,172.27,172.26999962586117
12.68,7,0.0736053868926684,3,11,3,0,0,0,1,1,0,172.27,172.27012493816045
12.24,7,0.0710512567481279,3,11,3,0,0,0,1,1,0,172.27,160.20057095960726
8.26,7,0.0479479886225111,3,11,3,0,0,0,1,1,0,172.27,172.26999229305088
17.4,4,0.4328358208955223,5,10,0,0,0,0,0,1,0,40.2,40.74295275474411
6.55,4,0.1629353233830845,5,10,0,0,0,0,0,1,0,40.2,39.533303958970905
4.57,4,0.113681592039801,5,10,0,0,0,0,0,1,0,40.2,40.19999747897208
11.68,4,0.290547263681592,5,10,0,0,0,0,0,1,0,40.2,40.20026279388938
9.74,6,0.193599681971775,4,13,1,0,0,0,0,4,0,50.31,50.30999672792821
10.0,6,0.1987676406281057,4,13,1,0,0,0,0,4,0,50.31,50.31006119810516
10.0,6,0.1987676406281057,4,13,1,0,0,0,0,4,0,50.31,50.31006119810516
7.47,6,0.148479427549195,4,13,1,0,0,0,0,4,0,50.31,50.30570498470078
10.74,6,0.2134764460345855,4,13,1,0,0,0,0,4,0,50.31,50.30999975986623
2.36,6,0.0469091631882329,4,13,1,0,0,0,0,4,0,50.31,49.79986105655297
2.95,5,0.0457080880074372,4,3,3,0,0,0,0,2,0,64.54,77.61137345995303
11.56,5,0.1791137279206693,4,3,3,0,0,0,0,2,0,64.54,65.62281165241373
32.99,5,0.5111558723272389,4,3,3,0,0,0,0,2,0,64.54,64.54000010919208
3.68,5,0.0570189030058878,4,3,3,0,0,0,0,2,0,64.54,64.5400047408934
13.36,5,0.2070034087387666,4,3,3,0,0,0,0,2,0,64.54,64.5400027152103
15.04,5,0.3629343629343629,4,13,0,0,0,0,0,2,0,41.44,41.44002699266274
2.09,5,0.0504343629343629,4,13,0,0,0,0,0,2,0,41.44,41.439995871139104
10.69,5,0.2579633204633205,4,13,0,0,0,0,0,2,0,41.44,41.44000025821947
7.04,5,0.1698841698841699,4,13,0,0,0,0,0,2,0,41.44,41.44000314846866
6.58,5,0.1587837837837838,4,13,0,0,0,0,0,2,0,41.44,41.41314146258783
2.0,5,0.0461041954817888,4,11,7,0,0,0,0,1,0,43.38,43.38000266143082
18.45,5,0.4253112033195021,4,11,7,0,0,0,0,1,0,43.38,41.68422289352377
7.0,5,0.1613646841862609,4,11,7,0,0,0,0,1,0,43.38,43.38000395259533
12.43,5,0.2865375749193177,4,11,7,0,0,0,0,1,0,43.38,43.3799981935136
3.5,5,0.0806823420931304,4,11,7,0,0,0,0,1,0,43.38,43.37999419818014
10.0,8,0.129399585921325,6,14,4,0,0,0,0,2,0,77.28,77.14197130383388
22.13,8,0.2863612836438923,6,14,4,0,0,0,0,2,0,77.28,77.273988295016
10.0,8,0.129399585921325,6,14,4,0,0,0,0,2,0,77.28,77.14197130383388
5.45,8,0.0705227743271221,6,14,4,0,0,0,0,2,0,77.28,77.28000481047972
5.5,8,0.0711697722567287,6,14,4,0,0,0,0,2,0,77.28,77.27999393414669
4.47,8,0.0578416149068322,6,14,4,0,0,0,0,2,0,77.28,77.27999599764007
16.8,8,0.217391304347826,6,14,4,0,0,0,0,2,0,77.28,77.30107943095489
2.93,8,0.0379140786749482,6,14,4,0,0,0,0,2,0,77.28,77.28000407970168
7.29,6,0.1067349926793558,5,12,7,0,0,0,0,1,0,68.3,68.30000149589566
0.83,6,0.0121522693997071,5,12,7,0,0,0,0,1,0,68.3,68.30000168318983
18.68,6,0.2734992679355783,5,12,7,0,0,0,0,1,0,68.3,68.29999528445938
10.0,6,0.1464128843338213,5,12,7,0,0,0,0,1,0,68.3,69.2631989163689
4.78,6,0.0699853587115666,5,12,7,0,0,0,0,1,0,68.3,68.29999806148166
26.72,6,0.3912152269399707,5,12,7,0,0,0,0,1,0,68.3,63.92333659450226
32.99,6,0.5627772091436369,4,2,4,0,0,0,0,2,0,58.620000000000005,61.7541878550417
2.9,6,0.0494711702490617,4,2,4,0,0,0,0,2,0,58.620000000000005,58.61999633239365
3.0,6,0.0511770726714431,4,2,4,0,0,0,0,2,0,58.620000000000005,55.60060046011325
5.05,6,0.0861480723302627,4,2,4,0,0,0,0,2,0,58.620000000000005,58.620006362884276
6.02,6,0.1026953258273626,4,2,4,0,0,0,0,2,0,58.620000000000005,58.62000312071761
8.66,6,0.1477311497782326,4,2,4,0,0,0,0,2,0,58.620000000000005,58.61999715951983
10.0,2,0.4885197850512946,2,9,1,0,0,0,0,0,0,20.47,20.469994943565965
10.47,2,0.5114802149487054,2,9,1,0,0,0,0,0,0,20.47,22.474711344856573
8.14,6,0.1415652173913043,4,7,7,0,0,0,0,3,0,57.5,57.50000249499624
17.47,6,0.3038260869565217,4,7,7,0,0,0,0,3,0,57.5,57.500002628896034
3.99,6,0.069391304347826,4,7,7,0,0,0,0,3,0,57.5,54.12198759631532
10.0,6,0.1739130434782608,4,7,7,0,0,0,0,3,0,57.5,57.49993593029536
6.13,6,0.1066086956521739,4,7,7,0,0,0,0,3,0,57.5,57.50000122863204
11.77,6,0.204695652173913,4,7,7,0,0,0,0,3,0,57.5,58.483486094173365
2.7,6,0.0855784469096672,1,13,0,0,0,0,0,4,0,31.55,31.549999832982763
2.2,6,0.0697305863708399,1,13,0,0,0,0,0,4,0,31.55,30.1193474477419
10.0,6,0.3169572107765451,1,13,0,0,0,0,0,4,0,31.55,31.54999575565772
10.23,6,0.3242472266244057,1,13,0,0,0,0,0,4,0,31.55,31.550002411298948
1.15,6,0.0364500792393026,1,13,0,0,0,0,0,4,0,31.55,31.550000966202816
5.27,6,0.1670364500792392,1,13,0,0,0,0,0,4,0,31.55,34.15462469121189
7.34,4,0.1472712680577849,2,1,0,0,0,0,0,0,0,49.84,49.83992180337303
32.99,4,0.6619181380417335,2,1,0,0,0,0,0,0,0,49.84,49.83999407397542
7.31,4,0.1466693418940609,2,1,0,0,0,0,0,0,0,49.84,49.8402123301869
2.2,4,0.0441412520064205,2,1,0,0,0,0,0,0,0,49.84,49.839993001145416
3.65,5,0.124829001367989,2,8,0,0,0,0,0,3,0,29.24,28.927493524134007
10.0,5,0.3419972640218878,2,8,0,0,0,0,0,3,0,29.24,29.2400059511278
4.6,5,0.1573187414500683,2,8,0,0,0,0,0,3,0,29.24,29.240005989732467
7.21,5,0.2465800273597811,2,8,0,0,0,0,0,3,0,29.24,29.240001268411305
3.78,5,0.1292749658002736,2,8,0,0,0,0,0,3,0,29.24,29.239995084009593
6.85,5,0.2065741857659831,3,11,0,0,0,0,0,1,0,33.16,33.15999592649054
3.98,5,0.1200241254523522,3,11,0,0,0,0,0,1,0,33.16,33.16000678412506
6.48,5,0.195416164053076,3,11,0,0,0,0,0,1,0,33.16,33.16008895213167
5.59,5,0.1685765983112183,3,11,0,0,0,0,0,1,0,33.16,31.946713957863935
10.26,5,0.3094089264173703,3,11,0,0,0,0,0,1,0,33.16,33.16000327071832
10.0,5,0.1968116512497539,1,3,0,0,0,0,0,1,0,50.81,50.809522901607124
2.48,5,0.0488092895099389,1,3,0,0,0,0,0,1,0,50.81,50.80999718155782
5.13,5,0.1009643770911237,1,3,0,0,0,0,0,1,0,50.81,50.810004769264225
18.99,5,0.3737453257232828,1,3,0,0,0,0,0,1,0,50.81,50.810002447081374
14.21,5,0.2796693564259004,1,3,0,0,0,0,0,1,0,50.81,50.809352108835625
3.69,3,0.1603650586701434,1,5,3,0,0,0,0,2,0,23.01,23.010000567166074
3.0,3,0.1303780964797914,1,5,3,0,0,0,0,2,0,23.01,23.009998025488102
16.32,3,0.7092568448500652,1,5,3,0,0,0,0,2,0,23.01,23.010000441650263
4.35,3,0.1735141603510171,2,12,1,0,0,0,0,0,0,25.07,25.06999897634799
10.0,3,0.3988831272437176,2,12,1,0,0,0,0,0,0,25.07,25.069840185530012
10.72,3,0.4276027124052652,2,12,1,0,0,0,0,0,0,25.07,25.070002480232148
12.22,4,0.415929203539823,3,6,3,0,0,0,0,1,0,29.380000000000003,29.380006490538477
3.09,4,0.1051735874744724,3,6,3,0,0,0,0,1,0,29.380000000000003,29.380003191813046
1.49,4,0.05071477195371,3,6,3,0,0,0,0,1,0,29.380000000000003,29.379994629286884
12.58,4,0.4281824370319945,3,6,3,0,0,0,0,1,0,29.380000000000003,29.379993860114013
9.46,4,0.2081408140814081,1,5,0,0,0,0,0,0,0,45.45,45.449901380133795
10.0,4,0.22002200220022,1,5,0,0,0,0,0,0,0,45.45,45.467248505913005
1.49,4,0.0327832783278327,1,5,0,0,0,0,0,0,0,45.45,45.44999994207289
24.5,4,0.539053905390539,1,5,0,0,0,0,0,0,0,45.45,45.449994897940684
1.77,7,0.060782967032967,2,10,0,0,0,0,0,1,0,29.12,29.11999383941955
2.0,7,0.0686813186813186,2,10,0,0,0,0,0,1,0,29.12,34.23039612439197
4.49,7,0.1541895604395604,2,10,0,0,0,0,0,1,0,29.12,29.12000308865717
6.55,7,0.2249313186813187,2,10,0,0,0,0,0,1,0,29.12,29.11990111426276
1.49,7,0.0511675824175824,2,10,0,0,0,0,0,1,0,29.12,29.11999947671285
11.83,7,0.40625,2,10,0,0,0,0,0,1,0,29.12,29.119998108350828
0.99,7,0.0339972527472527,2,10,0,0,0,0,0,1,0,29.12,29.120006385773905
8.44,5,0.4373056994818652,1,1,0,0,0,0,0,0,0,19.3,21.033111033611902
1.49,5,0.0772020725388601,1,1,0,0,0,0,0,0,0,19.3,19.299997714579973
1.35,5,0.0699481865284974,1,1,0,0,0,0,0,0,0,19.3,19.300001914748137
1.49,5,0.0772020725388601,1,1,0,0,0,0,0,0,0,19.3,19.299997714579973
6.53,5,0.3383419689119171,1,1,0,0,0,0,0,0,0,19.3,19.30000011368749
1.0,11,0.0086169754416199,3,16,6,0,0,0,0,0,0,116.05,116.04999886381587
10.0,11,0.0861697544161999,3,16,6,0,0,0,0,0,0,116.05,116.04999728173543
7.39,11,0.0636794485135717,3,16,6,0,0,0,0,0,0,116.05,116.05000567803192
10.0,11,0.0861697544161999,3,16,6,0,0,0,0,0,0,116.05,116.04999728173543
8.07,11,0.0695389918138733,3,16,6,0,0,0,0,0,0,116.05,116.04999655462562
9.39,11,0.0809133993968117,3,16,6,0,0,0,0,0,0,116.05,116.05000343632868
1.55,11,0.0133563119345109,3,16,6,0,0,0,0,0,0,116.05,116.05000665890284
28.0,11,0.2412753123653597,3,16,6,0,0,0,0,0,0,116.05,116.05025593543529
12.45,11,0.1072813442481688,3,16,6,0,0,0,0,0,0,116.05,116.0649403119485
2.25,11,0.0193881947436449,3,16,6,0,0,0,0,0,0,116.05,116.04999620190883
25.95,11,0.2236105127100388,3,16,6,0,0,0,0,0,0,116.05,116.04999889374908
30.09,8,0.011212048946984,1,2,0,0,0,0,0,4,5,2683.7200000000003,2683.719997686712
15.5,8,0.0057755652601612,1,2,0,0,0,0,0,4,5,2683.7200000000003,2683.720001011399
16.05,8,0.0059805046726186,1,2,0,0,0,0,0,4,5,2683.7200000000003,2683.720000031289
1299.0,8,0.4840296305128701,1,2,0,0,0,0,0,4,5,2683.7200000000003,2636.4048162701247
10.0,8,0.0037261711355879,1,2,0,0,0,0,0,4,5,2683.7200000000003,2683.72000244279
3.0,8,0.0011178513406763,1,2,0,0,0,0,0,4,5,2683.7200000000003,2676.553233289962
6.68,8,0.0024890823185727,1,2,0,0,0,0,0,4,5,2683.7200000000003,2683.7199986066194
1303.4,8,0.4856691458125288,1,2,0,0,0,0,0,4,5,2683.7200000000003,2636.407141511264
4.23,6,0.0273026528109468,2,3,0,0,0,2,0,0,0,154.93,154.92999759830337
5.47,6,0.0353062673465435,2,3,0,0,0,2,0,0,0,154.93,154.93000558219777
9.24,6,0.0596398373458981,2,3,0,0,0,2,0,0,0,154.93,127.94883973517307
1.0,6,0.0064545278512876,2,3,0,0,0,2,0,0,0,154.93,154.92999853490312
69.0,6,0.4453624217388497,2,3,0,0,0,2,0,0,0,154.93,154.92999551704685
65.99,6,0.4259342929064738,2,3,0,0,0,2,0,0,0,154.93,154.93000333553118
7.86,17,0.0475556631171345,2,0,0,0,1,0,2,4,1,165.28,165.27999876008172
4.49,17,0.0271660212971926,2,0,0,0,1,0,2,4,1,165.28,165.25707561539733
4.73,17,0.0286181026137463,2,0,0,0,1,0,2,4,1,165.28,165.25350851726913
5.18,17,0.0313407550822846,2,0,0,0,1,0,2,4,1,165.28,165.27999969482977
11.17,17,0.067582284607938,2,0,0,0,1,0,2,4,1,165.28,165.27999753971557
7.84,17,0.047434656340755,2,0,0,0,1,0,2,4,1,165.28,165.27999876008172
2.25,17,0.0136132623426911,2,0,0,0,1,0,2,4,1,165.28,165.26209576351232
4.49,17,0.0271660212971926,2,0,0,0,1,0,2,4,1,165.28,165.25707561539733
25.0,17,0.1512584704743465,2,0,0,0,1,0,2,4,1,165.28,165.2799979944262
6.5,17,0.0393272023233301,2,0,0,0,1,0,2,4,1,165.28,165.2800024176072
35.1,17,0.2123668925459826,2,0,0,0,1,0,2,4,1,165.28,165.53112332699232
3.0,17,0.0181510164569215,2,0,0,0,1,0,2,4,1,165.28,165.2800005308138
8.7,17,0.0526379477250726,2,0,0,0,1,0,2,4,1,165.28,165.2814206909893
13.99,17,0.0846442400774443,2,0,0,0,1,0,2,4,1,165.28,165.27999936799708
13.99,17,0.0846442400774443,2,0,0,0,1,0,2,4,1,165.28,165.27999936799708
9.9,17,0.0598983543078412,2,0,0,0,1,0,2,4,1,165.28,165.28000252739542
1.09,17,0.0065948693126815,2,0,0,0,1,0,2,4,1,165.28,165.28000168296194
129.99,9,0.5779902178746109,2,7,2,0,0,1,0,0,2,224.9,224.93108310183047
8.99,9,0.0399733214762116,2,7,2,0,0,1,0,0,2,224.9,224.9000077162086
11.12,9,0.049444197421076,2,7,2,0,0,1,0,0,2,224.9,224.90000311913155
9.0,9,0.0400177856825255,2,7,2,0,0,1,0,0,2,224.9,224.89999437849397
3.5,9,0.015562472209871,2,7,2,0,0,1,0,0,2,224.9,224.900002022966
50.09,9,0.2227212094264117,2,7,2,0,0,1,0,0,2,224.9,224.8999995761314
4.98,9,0.0221431747443308,2,7,2,0,0,1,0,0,2,224.9,224.8999941229415
5.49,9,0.0244108492663405,2,7,2,0,0,1,0,0,2,224.9,224.90000086906386
1.74,9,0.0077367718986216,2,7,2,0,0,1,0,0,2,224.9,224.899996570486
6.45,11,0.1008916001877053,7,6,1,0,0,0,0,3,0,63.93,64.00573428371172
2.0,11,0.0312842171124667,7,6,1,0,0,0,0,3,0,63.93,63.92999707465448
4.07,11,0.0636633818238698,7,6,1,0,0,0,0,3,0,63.93,63.94213307275953
6.84,11,0.1069920225246363,7,6,1,0,0,0,0,3,0,63.93,63.855861239487325
9.07,11,0.1418739246050367,7,6,1,0,0,0,0,3,0,63.93,63.832009875566726
3.69,11,0.0577193805725011,7,6,1,0,0,0,0,3,0,63.93,63.9299968472
4.9,11,0.0766463319255435,7,6,1,0,0,0,0,3,0,63.93,63.95030133840022
2.0,11,0.0312842171124667,7,6,1,0,0,0,0,3,0,63.93,63.92999707465448
5.35,11,0.0836852807758485,7,6,1,0,0,0,0,3,0,63.93,63.92999712120017
1.25,11,0.0195526356952917,7,6,1,0,0,0,0,3,0,63.93,63.93000545535873
18.31,11,0.2864070076646332,7,6,1,0,0,0,0,3,0,63.93,63.92999902414593
10.0,11,0.1418842224744608,3,12,1,0,0,0,0,1,3,70.48,70.47999934387772
2.14,11,0.0303632236095346,3,12,1,0,0,0,0,1,3,70.48,70.52894662069923
22.1,11,0.3135641316685584,3,12,1,0,0,0,0,1,3,70.48,70.47999932402976
7.0,11,0.0993189557321225,3,12,1,0,0,0,0,1,3,70.48,70.4799985681285
0.7,11,0.0099318955732122,3,12,1,0,0,0,0,1,3,70.48,70.47999967222201
2.0,11,0.0283768444948921,3,12,1,0,0,0,0,1,3,70.48,70.4493665724844
13.51,11,0.1916855845629965,3,12,1,0,0,0,0,1,3,70.48,70.69917214169948
0.55,11,0.0078036322360953,3,12,1,0,0,0,0,1,3,70.48,70.46260576050932
10.0,11,0.1418842224744608,3,12,1,0,0,0,0,1,3,70.48,70.47999934387772
1.49,11,0.0211407491486946,3,12,1,0,0,0,0,1,3,70.48,70.4800010892975
0.99,11,0.0140465380249716,3,12,1,0,0,0,0,1,3,70.48,70.47999730093449
30.98,6,0.4379417585524455,1,5,1,0,0,0,1,0,0,70.74000000000001,62.196794523504146
11.79,6,0.1666666666666666,1,5,1,0,0,0,1,0,0,70.74000000000001,70.73997632400834
1.49,6,0.021063047780605,1,5,1,0,0,0,1,0,0,70.74000000000001,48.748052221809814
6.11,6,0.0863726321741588,1,5,1,0,0,0,1,0,0,70.74000000000001,70.7399945132496
11.3,6,0.15973989256432,1,5,1,0,0,0,1,0,0,70.74000000000001,70.74000626952633
9.07,6,0.1282160022618037,1,5,1,0,0,0,1,0,0,70.74000000000001,70.74020702220557
1.49,18,0.0119190464762818,3,1,0,0,2,0,0,8,0,125.01,125.01000345029718
11.74,18,0.0939124870010399,3,1,0,0,2,0,0,8,0,125.01,125.01000023501464
3.81,18,0.0304775617950563,3,1,0,0,2,0,0,8,0,125.01,125.0100068043307
8.75,18,0.0699944004479641,3,1,0,0,2,0,0,8,0,125.01,125.0099958968297
1.49,18,0.0119190464762818,3,1,0,0,2,0,0,8,0,125.01,125.01000345029718
8.75,18,0.0699944004479641,3,1,0,0,2,0,0,8,0,125.01,125.0099958968297
7.57,18,0.060555155587553,3,1,0,0,2,0,0,8,0,125.01,125.00999973757364
1.09,18,0.0087193024558035,3,1,0,0,2,0,0,8,0,125.01,125.00999919109846
7.57,18,0.060555155587553,3,1,0,0,2,0,0,8,0,125.01,125.00999973757364
1.09,18,0.0087193024558035,3,1,0,0,2,0,0,8,0,125.01,125.00999919109846
4.8,18,0.0383969282457403,3,1,0,0,2,0,0,8,0,125.01,125.00999760857123
4.8,18,0.0383969282457403,3,1,0,0,2,0,0,8,0,125.01,125.00999760857123
0.6,18,0.0047996160307175,3,1,0,0,2,0,0,8,0,125.01,125.0099980589643
3.99,18,0.0319174466042716,3,1,0,0,2,0,0,8,0,125.01,125.00999493411123
8.57,18,0.0685545156387489,3,1,0,0,2,0,0,8,0,125.01,124.98344924507651
18.99,18,0.1519078473722102,3,1,0,0,2,0,0,8,0,125.01,125.01000129252273
19.9,18,0.1591872650187984,3,1,0,0,2,0,0,8,0,125.01,125.06316030058217
10.01,18,0.080073594112471,3,1,0,0,2,0,0,8,0,125.01,125.01000483462526
0.55,15,0.0045879212545879,4,7,2,0,0,0,0,4,1,119.88,119.87999948372321
10.89,15,0.0908408408408408,4,7,2,0,0,0,0,4,1,119.88,119.87999797505029
20.98,15,0.1750083416750083,4,7,2,0,0,0,0,4,1,119.88,119.88000399700276
2.25,15,0.0187687687687687,4,7,2,0,0,0,0,4,1,119.88,119.8558271828043
1.69,15,0.0140974307640974,4,7,2,0,0,0,0,4,1,119.88,119.84504618121086
3.54,15,0.0295295295295295,4,7,2,0,0,0,0,4,1,119.88,119.85349647411009
8.3,15,0.0692359025692359,4,7,2,0,0,0,0,4,1,119.88,119.86288207420574
4.94,15,0.0412078745412078,4,7,2,0,0,0,0,4,1,119.88,119.88000269079173
20.48,15,0.1708375041708374,4,7,2,0,0,0,0,4,1,119.88,119.87999825005578
13.61,15,0.1135301968635301,4,7,2,0,0,0,0,4,1,119.88,119.88000370226911
6.32,15,0.0527193860527193,4,7,2,0,0,0,0,4,1,119.88,119.94999263416491
4.79,15,0.0399566232899566,4,7,2,0,0,0,0,4,1,119.88,119.87999344868254
16.25,15,0.1355522188855522,4,7,2,0,0,0,0,4,1,119.88,119.87999892842652
4.0,15,0.0333667000333667,4,7,2,0,0,0,0,4,1,119.88,119.8800063318214
1.29,15,0.0107607607607607,4,7,2,0,0,0,0,4,1,119.88,119.87085012693821
9.11,9,0.1566099363933298,0,1,0,1,0,0,0,1,0,58.17,58.17000004139373
3.95,9,0.0679044180849235,0,1,0,1,0,0,0,1,0,58.17,58.17000806575061
10.0,9,0.1719099192023379,0,1,0,1,0,0,0,1,0,58.17,58.170000658995875
3.87,9,0.0665291387313048,0,1,0,1,0,0,0,1,0,58.17,58.169993431391966
5.0,9,0.0859549596011689,0,1,0,1,0,0,0,1,0,58.17,58.16999594468417
4.93,9,0.0847515901667526,0,1,0,1,0,0,0,1,0,58.17,58.170014927280405
7.98,9,0.1371841155234657,0,1,0,1,0,0,0,1,0,58.17,58.169995491359195
6.37,9,0.1095066185318892,0,1,0,1,0,0,0,1,0,58.17,58.16999786279823
6.96,9,0.1196493037648272,0,1,0,1,0,0,0,1,0,58.17,58.17000298442187
2.34,6,0.0718232044198895,1,1,0,0,0,0,0,0,0,32.58,32.57999203442182
1.2,6,0.0368324125230202,1,1,0,0,0,0,0,0,0,32.58,30.68133940948755
6.44,6,0.1976672805402087,1,1,0,0,0,0,0,0,0,32.58,32.58000578693503
9.36,6,0.287292817679558,1,1,0,0,0,0,0,0,0,32.58,32.58000318552563
3.0,6,0.0920810313075506,1,1,0,0,0,0,0,0,0,32.58,32.58000239786821
10.24,6,0.3143032535297729,1,1,0,0,0,0,0,0,0,32.58,33.60832237545024
12.0,6,0.231615518239722,3,11,0,0,0,0,0,1,0,51.81,48.81793373237812
2.79,6,0.0538506079907353,3,11,0,0,0,0,0,1,0,51.81,51.810057535325114
8.0,6,0.154410345493148,3,11,0,0,0,0,0,1,0,51.81,50.25086477847519
13.05,6,0.2518818760856977,3,11,0,0,0,0,0,1,0,51.81,56.345995935153
9.51,6,0.1835552982049797,3,11,0,0,0,0,0,1,0,51.81,51.79406540299729
6.46,6,0.124686353985717,3,11,0,0,0,0,0,1,0,51.81,51.78647298978122
6.39,7,0.0523985239852398,1,3,0,0,3,0,0,0,0,121.95,121.94999516570984
6.19,7,0.0507585075850758,1,3,0,0,3,0,0,0,0,121.95,121.95000486894236
9.83,7,0.0806068060680606,1,3,0,0,3,0,0,0,0,121.95,121.94999894293768
30.03,7,0.2462484624846248,1,3,0,0,3,0,0,0,0,121.95,121.95000230875799
43.53,7,0.3569495694956949,1,3,0,0,3,0,0,0,0,121.95,117.36567296926971
10.98,7,0.0900369003690036,1,3,0,0,3,0,0,0,0,121.95,121.94999537361048
15.0,7,0.1230012300123001,1,3,0,0,3,0,0,0,0,121.95,121.95000255790364
15.59,7,0.27750088999644,3,17,3,0,0,0,0,3,0,56.18,56.17999845843558
11.28,7,0.2007831968672125,3,17,3,0,0,0,0,3,0,56.18,54.37865038965991
3.93,7,0.0699537201851192,3,17,3,0,0,0,0,3,0,56.18,56.18000203990156
5.08,7,0.0904236383054467,3,17,3,0,0,0,0,3,0,56.18,56.17999597533489
8.95,7,0.1593093627625489,3,17,3,0,0,0,0,3,0,56.18,56.179999660573806
1.09,7,0.0194019223923104,3,17,3,0,0,0,0,3,0,56.18,63.250978672218196
10.26,7,0.182627269490922,3,17,3,0,0,0,0,3,0,56.18,60.08727622523849
13.94,10,0.2199431997475544,3,6,2,0,0,0,0,1,0,63.38,63.34434465818698
1.65,10,0.0260334490375512,3,6,2,0,0,0,0,1,0,63.38,63.37999409766649
4.7,10,0.0741558851372672,3,6,2,0,0,0,0,1,0,63.38,63.34947513435441
10.0,10,0.1577784790154623,3,6,2,0,0,0,0,1,0,63.38,63.48916659043889
4.0,10,0.0631113916061849,3,6,2,0,0,0,0,1,0,63.38,63.46255362039088
7.83,10,0.1235405490691069,3,6,2,0,0,0,0,1,0,63.38,63.379989209183776
3.75,10,0.0591669296307983,3,6,2,0,0,0,0,1,0,63.38,63.38000791935913
6.0,10,0.0946670874092773,3,6,2,0,0,0,0,1,0,63.38,63.438057431994075
3.2,10,0.0504891132849479,3,6,2,0,0,0,0,1,0,63.38,63.395440074730715
8.31,10,0.1311139160618492,3,6,2,0,0,0,0,1,0,63.38,63.38000073857951
13.67,5,0.291160809371672,3,7,0,0,0,0,0,0,0,46.95,46.94998840646724
7.35,5,0.1565495207667731,3,7,0,0,0,0,0,0,0,46.95,46.94937377381278
4.49,5,0.0956336528221512,3,7,0,0,0,0,0,0,0,46.95,46.95001477470112
10.02,5,0.2134185303514376,3,7,0,0,0,0,0,0,0,46.95,46.94990136920045
11.42,5,0.2432374866879659,3,7,0,0,0,0,0,0,0,46.95,46.9500007636272
10.09,5,0.0179377777777777,2,4,0,0,0,0,0,4,0,562.5,571.5049754068597
5.29,5,0.0094044444444444,2,4,0,0,0,0,0,4,0,562.5,562.5000018917717
0.99,5,0.00176,2,4,0,0,0,0,0,4,0,562.5,562.4999983580235
17.13,5,0.0304533333333333,2,4,0,0,0,0,0,4,0,562.5,562.4999949165126
529.0,5,0.9404444444444444,2,4,0,0,0,0,0,4,0,562.5,392.484264839277
1.59,9,0.028799130592284,2,11,1,0,0,0,0,0,0,55.21,55.210004600861474
9.95,9,0.1802209744611483,2,11,1,0,0,0,0,0,0,55.21,55.210001604093634
8.17,9,0.1479804383263901,2,11,1,0,0,0,0,0,0,55.21,55.21000240384345
5.41,9,0.0979894946567651,2,11,1,0,0,0,0,0,0,55.21,55.17614964742197
0.99,9,0.0179315341423655,2,11,1,0,0,0,0,0,0,55.21,55.20999600403544
1.59,9,0.028799130592284,2,11,1,0,0,0,0,0,0,55.21,55.210004600861474
10.43,9,0.1889150516210831,2,11,1,0,0,0,0,0,0,55.21,55.209998007944456
7.64,9,0.1383807281289621,2,11,1,0,0,0,0,0,0,55.21,55.128211770276
9.44,9,0.1709835174787176,2,11,1,0,0,0,0,0,0,55.21,55.21000376959139
10.0,5,0.2094240837696335,1,3,0,0,0,0,0,0,0,47.75,47.71520544087508
11.78,5,0.2467015706806282,1,3,0,0,0,0,0,0,0,47.75,47.74999703638521
13.48,5,0.2823036649214659,1,3,0,0,0,0,0,0,0,47.75,47.75000727322602
4.49,5,0.0940314136125654,1,3,0,0,0,0,0,0,0,47.75,47.74974124306213
8.0,5,0.1675392670157068,1,3,0,0,0,0,0,0,0,47.75,47.75023172511675
17.78,8,0.3201296362981635,7,12,0,0,0,0,0,1,0,55.54,55.40114057682197
0.99,8,0.0178249909974792,7,12,0,0,0,0,0,1,0,55.54,55.53999938226289
6.26,8,0.1127115592365862,7,12,0,0,0,0,0,1,0,55.54,55.54000260661629
0.99,8,0.0178249909974792,7,12,0,0,0,0,0,1,0,55.54,55.53999938226289
9.32,8,0.1678069859560677,7,12,0,0,0,0,0,1,0,55.54,55.54000044117214
2.68,8,0.0482535109830752,7,12,0,0,0,0,0,1,0,55.54,55.54000142141238
8.42,8,0.1516024486856319,7,12,0,0,0,0,0,1,0,55.54,55.54000162672777
9.1,8,0.1638458768455167,7,12,0,0,0,0,0,1,0,55.54,55.539999239195566
4.75,6,0.1242804814233385,1,7,0,0,0,0,0,0,0,38.22,38.21999882341527
5.27,6,0.1378859236002093,1,7,0,0,0,0,0,0,0,38.22,38.220004223175934
5.77,6,0.1509680795395081,1,7,0,0,0,0,0,0,0,38.22,38.219995029867135
1.99,6,0.0520669806384092,1,7,0,0,0,0,0,0,0,38.22,38.22000482629336
11.45,6,0.2995813710099424,1,7,0,0,0,0,0,0,0,38.22,40.28111678124574
8.99,6,0.2352171637885923,1,7,0,0,0,0,0,0,0,38.22,38.219999725261275
1.99,12,0.0022965954991344,2,0,0,0,0,0,0,4,0,866.5,865.4925240684195
12.0,12,0.0138488170802077,2,0,0,0,0,0,0,4,0,866.5,866.4999934510864
46.99,12,0.0542296595499134,2,0,0,0,0,0,0,4,0,866.5,866.5000012160657
6.12,12,0.0070628967109059,2,0,0,0,0,0,0,4,0,866.5,866.4999974488167
8.56,12,0.0098788228505481,2,0,0,0,0,0,0,4,0,866.5,865.9562635173145
11.9,12,0.013733410271206,2,0,0,0,0,0,0,4,0,866.5,866.5000051885463
699.0,12,0.8066935949221004,2,0,0,0,0,0,0,4,0,866.5,866.5000016187006
20.99,12,0.0242238892094633,2,0,0,0,0,0,0,4,0,866.5,866.4999962879796
13.5,12,0.0155799192152336,2,0,0,0,0,0,0,4,0,866.5,866.500002562087
4.48,12,0.0051702250432775,2,0,0,0,0,0,0,4,0,866.5,866.4999979703293
19.98,12,0.0230582804385458,2,0,0,0,0,0,0,4,0,866.5,866.5000053955647
20.99,12,0.0242238892094633,2,0,0,0,0,0,0,4,0,866.5,866.4999962879796
8.55,6,0.0789911308203991,4,4,1,0,0,0,0,0,0,108.24,107.20043663631529
60.0,6,0.5543237250554324,4,4,1,0,0,0,0,0,0,108.24,108.24000415487848
10.0,6,0.0923872875092387,4,4,1,0,0,0,0,0,0,108.24,102.68666606815097
3.58,6,0.0330746489283074,4,4,1,0,0,0,0,0,0,108.24,108.23999582326533
22.83,6,0.210920177383592,4,4,1,0,0,0,0,0,0,108.24,108.23996960374654
3.28,6,0.0303030303030303,4,4,1,0,0,0,0,0,0,108.24,104.17470398497119
3.28,5,0.1622958931222167,2,0,0,2,0,0,0,0,0,20.21,20.21000345378718
7.19,5,0.3557644730331519,2,0,0,2,0,0,0,0,0,20.21,20.20999859560996
3.56,5,0.1761504205838693,2,0,0,2,0,0,0,0,0,20.21,20.209995337534735
2.19,5,0.1083621969322117,2,0,0,2,0,0,0,0,0,20.21,20.210000200821966
3.99,5,0.1974270163285502,2,0,0,2,0,0,0,0,0,20.21,20.210001255241053
13.75,2,0.7146569646569646,2,6,1,2,0,0,0,0,0,19.24,20.428281056284547
5.49,2,0.2853430353430353,2,6,1,2,0,0,0,0,0,19.24,19.240000124680833
2.9,5,0.077209797657082,3,5,0,3,1,0,0,1,1,37.56,37.56000138333161
12.13,5,0.3229499467518636,3,5,0,3,1,0,0,1,1,37.56,37.559997971435735
5.5,5,0.1464323748668796,3,5,0,3,1,0,0,1,1,37.56,37.560000128757665
10.04,5,0.2673056443024493,3,5,0,3,1,0,0,1,1,37.56,37.559998861842544
6.99,5,0.1861022364217252,3,5,0,3,1,0,0,1,1,37.56,37.55999927774077
8.2,6,0.0875600640683395,4,2,0,0,0,0,3,4,0,93.65,93.64999544450266
1.77,6,0.0189001601708489,4,2,0,0,0,0,3,4,0,93.65,93.65000237072506
19.35,6,0.2066203950880939,4,2,0,0,0,0,3,4,0,93.65,95.6293306870906
8.18,6,0.0873465029364655,4,2,0,0,0,0,3,4,0,93.65,93.65000795313225
48.99,6,0.5231179925253604,4,2,0,0,0,0,3,4,0,93.65,93.64999994249867
7.16,6,0.0764548852108916,4,2,0,0,0,0,3,4,0,93.65,93.64999749557373
24.91,3,0.6307926057229678,5,7,1,3,0,0,0,0,0,39.49,39.49000105238525
3.9,3,0.0987591795391238,5,7,1,3,0,0,0,0,0,39.49,39.32158811077673
10.68,3,0.2704482147379083,5,7,1,3,0,0,0,0,0,39.49,39.490002034597794
33.95,5,0.3977272727272727,2,7,1,0,0,0,0,0,0,85.36,64.28258163503646
16.46,5,0.1928303655107779,2,7,1,0,0,0,0,0,0,85.36,85.35999748798002
13.59,5,0.1592080599812558,2,7,1,0,0,0,0,0,0,85.36,86.28798847439859
8.61,5,0.100866916588566,2,7,1,0,0,0,0,0,0,85.36,85.35792219276954
12.75,5,0.1493673851921274,2,7,1,0,0,0,0,0,0,85.36,82.47737268442486
7.9,14,0.0562317602676347,3,4,0,0,0,1,0,0,0,140.49,140.490000726464
3.0,14,0.0213538330130258,3,4,0,0,0,1,0,0,0,140.49,140.48623793698613
25.0,14,0.1779486084418819,3,4,0,0,0,1,0,0,0,140.49,140.49132681691526
7.9,14,0.0562317602676347,3,4,0,0,0,1,0,0,0,140.49,140.490000726464
7.9,14,0.0562317602676347,3,4,0,0,0,1,0,0,0,140.49,140.490000726464
14.1,14,0.1003630151612214,3,4,0,0,0,1,0,0,0,140.49,140.48999394127546
3.02,14,0.0214961918997793,3,4,0,0,0,1,0,0,0,140.49,140.4862383258536
13.8,14,0.0982276318599188,3,4,0,0,0,1,0,0,0,140.49,140.49000535437474
25.72,14,0.1830735283650081,3,4,0,0,0,1,0,0,0,140.49,140.49000251365834
6.92,14,0.0492561748167129,3,4,0,0,0,1,0,0,0,140.49,140.47994127839522
4.98,14,0.0354473628016228,3,4,0,0,0,1,0,0,0,140.49,140.4899992782695
7.3,14,0.0519609936650295,3,4,0,0,0,1,0,0,0,140.49,140.33958864497137
5.0,14,0.0355897216883763,3,4,0,0,0,1,0,0,0,140.49,140.51093307772692
7.95,14,0.0565876574845184,3,4,0,0,0,1,0,0,0,140.49,140.490000726464
3.1,3,0.232383808095952,0,2,0,3,0,0,0,0,0,13.34,15.768515227523025
8.0,3,0.5997001499250375,0,2,0,3,0,0,0,0,0,13.34,13.339997512040739
2.24,3,0.1679160419790105,0,2,0,3,0,0,0,0,0,13.34,13.340001141397167
8.2,4,0.1228464419475655,2,4,0,3,0,0,0,3,0,66.75,66.75000425026839
7.56,4,0.1132584269662921,2,4,0,3,0,0,0,3,0,66.75,66.74999918232155
48.99,4,0.7339325842696629,2,4,0,3,0,0,0,3,0,66.75,66.75000014725845
2.0,4,0.0299625468164794,2,4,0,3,0,0,0,3,0,66.75,99.46412954570151
13.88,1,1.0,2,1,0,2,0,0,0,0,0,13.88,13.879997748249892
28.22,4,0.7324162989878017,2,7,2,0,0,0,0,1,0,38.53,38.53000238045111
1.94,4,0.0503503763301323,2,7,2,0,0,0,0,1,0,38.53,38.530005600508304
6.49,4,0.1684401764858552,2,7,2,0,0,0,0,1,0,38.53,38.52525727272098
1.88,4,0.0487931481962107,2,7,2,0,0,0,0,1,0,38.53,41.926455880577194
9.37,7,0.1924024640657083,6,15,0,0,0,0,0,3,0,48.7,53.65123168323389
12.15,7,0.2494866529774127,6,15,0,0,0,0,0,3,0,48.7,48.699999785657155
4.06,7,0.0833675564681724,6,15,0,0,0,0,0,3,0,48.7,48.70000214189527
5.37,7,0.1102669404517453,6,15,0,0,0,0,0,3,0,48.7,48.699999550923195
5.13,7,0.1053388090349075,6,15,0,0,0,0,0,3,0,48.7,48.6999987022171
6.44,7,0.1322381930184805,6,15,0,0,0,0,0,3,0,48.7,48.69999527782869
6.18,7,0.1268993839835729,6,15,0,0,0,0,0,3,0,48.7,48.70000184644398
48.99,4,0.6146800501882058,5,7,0,0,0,0,0,0,0,79.7,79.69999911755403
4.95,4,0.062107904642409,5,7,0,0,0,0,0,0,0,79.7,80.61989314613082
11.9,4,0.1493099121706399,5,7,0,0,0,0,0,0,0,79.7,79.70000221560957
13.86,4,0.1739021329987452,5,7,0,0,0,0,0,0,0,79.7,79.69999867976914
5.83,5,0.2886138613861386,2,6,0,2,0,0,0,2,0,20.2,20.199996190142457
4.13,5,0.2044554455445544,2,6,0,2,0,0,0,2,0,20.2,20.200002210850002
0.65,5,0.0321782178217821,2,6,0,2,0,0,0,2,0,20.2,20.199998381436643
5.89,5,0.2915841584158415,2,6,0,2,0,0,0,2,0,20.2,20.200003938280005
3.7,5,0.1831683168316832,2,6,0,2,0,0,0,2,0,20.2,20.200000675791173
10.84,6,0.1246836899010812,4,10,0,3,0,0,0,0,1,86.94,86.94000135566904
1.0,6,0.0115021854152288,4,10,0,3,0,0,0,0,1,86.94,86.94000420363902
14.68,6,0.1688520818955601,4,10,0,3,0,0,0,0,1,86.94,81.19838917284511
10.05,6,0.1155969634230504,4,10,0,3,0,0,0,0,1,86.94,86.93999496303891
45.0,6,0.5175983436853002,4,10,0,3,0,0,0,0,1,86.94,86.939993370195
5.37,6,0.0617667356797791,4,10,0,3,0,0,0,0,1,86.94,86.93999593661934
3.3,6,0.04605079542283,2,8,0,2,0,0,8,4,0,71.66,88.79283844282259
5.8,6,0.0809377616522467,2,8,0,2,0,0,8,4,0,71.66,71.66000183368416
27.0,6,0.3767792352777002,2,8,0,2,0,0,8,4,0,71.66,71.66000090285749
12.95,6,0.1807144850683784,2,8,0,2,0,0,8,4,0,71.66,71.66000076620324
15.52,6,0.2165782863522188,2,8,0,2,0,0,8,4,0,71.66,72.47159037426101
7.09,6,0.0989394362266257,2,8,0,2,0,0,8,4,0,71.66,71.65999915521694
8.05,2,0.1411290322580645,1,0,0,0,0,0,0,0,0,57.040000000000006,57.04000144000872
48.99,2,0.8588709677419354,1,0,0,0,0,0,0,0,0,57.040000000000006,79.19432973035151
5.37,6,0.1477303988995873,3,7,0,3,0,0,0,1,0,36.35,36.350004814063595
1.77,6,0.0486932599724896,3,7,0,3,0,0,0,1,0,36.35,36.3500052562252
6.28,6,0.1727647867950481,3,7,0,3,0,0,0,1,0,36.35,36.34998622372515
8.68,6,0.2387895460797799,3,7,0,3,0,0,0,1,0,36.35,35.53719184596571
4.2,6,0.1155433287482806,3,7,0,3,0,0,0,1,0,36.35,36.34999374813009
10.05,6,0.2764786795048143,3,7,0,3,0,0,0,1,0,36.35,36.35100333433469
10.94,5,0.2366940718303764,3,10,0,2,1,0,0,2,0,46.22,46.22000430917987
3.1,5,0.0670705322371267,3,10,0,2,1,0,0,2,0,46.22,46.219991861704685
13.71,5,0.2966248377325833,3,10,0,2,1,0,0,2,0,46.22,46.219996763682516
8.0,5,0.1730852444829078,3,10,0,2,1,0,0,2,0,46.22,46.22000195261823
10.47,5,0.2265253137170056,3,10,0,2,1,0,0,2,0,46.22,46.219839433281805
7.2,11,0.0418385728397931,1,0,0,1,3,0,1,3,2,172.09,172.09000316095597
5.85,11,0.0339938404323319,1,0,0,1,3,0,1,3,2,172.09,172.05270646723895
18.0,11,0.1045964320994828,1,0,0,1,3,0,1,3,2,172.09,174.0553125136657
5.0,11,0.0290545644720785,1,0,0,1,3,0,1,3,2,172.09,172.09785357782968
6.34,11,0.0368411877505956,1,0,0,1,3,0,1,3,2,172.09,172.19913419398668
40.0,11,0.2324365157766285,1,0,0,1,3,0,1,3,2,172.09,172.09000009287365
36.56,11,0.2124469754198384,1,0,0,1,3,0,1,3,2,172.09,172.24625099197823
2.25,11,0.0130745540124353,1,0,0,1,3,0,1,3,2,172.09,172.09000058753415
27.0,11,0.1568946481492242,1,0,0,1,3,0,1,3,2,172.09,172.08999743514306
5.86,11,0.034051949561276,1,0,0,1,3,0,1,3,2,172.09,172.05268346374632
18.03,11,0.1047707594863153,1,0,0,1,3,0,1,3,2,172.09,174.055259699265
17.93,4,0.3609098228663446,4,4,0,1,0,0,0,0,0,49.68,49.6800042993674
8.15,4,0.1640499194847021,4,4,0,1,0,0,0,0,0,49.68,49.679998162054304
9.55,4,0.1922302737520129,4,4,0,1,0,0,0,0,0,49.68,47.97803034110402
14.05,4,0.2828099838969404,4,4,0,1,0,0,0,0,0,49.68,49.68000272982299
48.99,8,0.5561989100817439,1,8,0,0,0,0,0,0,0,88.08,88.07999788328117
4.55,8,0.0516575840145322,1,8,0,0,0,0,0,0,0,88.08,88.13359544837249
7.69,8,0.0873069936421435,1,8,0,0,0,0,0,0,0,88.08,88.0581984405269
7.16,8,0.0812897366030881,1,8,0,0,0,0,0,0,0,88.08,88.0799575273692
15.4,8,0.1748410535876476,1,8,0,0,0,0,0,0,0,88.08,88.08000189556941
3.0,8,0.0340599455040872,1,8,0,0,0,0,0,0,0,88.08,88.07999793968143
0.9,8,0.0102179836512261,1,8,0,0,0,0,0,0,0,88.08,88.08000340192567
0.39,8,0.0044277929155313,1,8,0,0,0,0,0,0,0,88.08,94.04356353474061
6.69,5,0.2343257443082312,2,4,2,3,0,0,0,4,0,28.55,28.54999631809345
6.65,5,0.2329246935201401,2,4,2,3,0,0,0,4,0,28.55,28.550004636297686
2.11,5,0.0739054290718038,2,4,2,3,0,0,0,4,0,28.55,28.550002077015023
4.0,5,0.1401050788091068,2,4,2,3,0,0,0,4,0,28.55,28.54999841743725
9.1,5,0.318739054290718,2,4,2,3,0,0,0,4,0,28.55,28.549999494374532
15.0,7,0.0923361034164358,5,5,0,0,2,0,0,2,1,162.45,162.44999978810966
5.0,7,0.0307787011388119,5,5,0,0,2,0,0,2,1,162.45,167.89016880063815
10.0,7,0.0615574022776238,5,5,0,0,2,0,0,2,1,162.45,163.49704006359582
18.24,7,0.1122807017543859,5,5,0,0,2,0,0,2,1,162.45,162.4500017818792
40.11,7,0.2469067405355494,5,5,0,0,2,0,0,2,1,162.45,162.4499990519474
11.69,7,0.0719606032625423,5,5,0,0,2,0,0,2,1,162.45,162.44999923499006
62.41,7,0.3841797476146507,5,5,0,0,2,0,0,2,1,162.45,162.4500011392424
16.17,6,0.1162138852953859,2,6,1,2,0,0,1,0,0,139.14,139.1400000192678
53.99,6,0.3880264481816874,2,6,1,2,0,0,1,0,0,139.14,134.98975548957822
1.77,6,0.0127210004312203,2,6,1,2,0,0,1,0,0,139.14,139.1399966387274
59.56,6,0.4280580710076182,2,6,1,2,0,0,1,0,0,139.14,132.7958175988709
5.08,6,0.0365099899381917,2,6,1,2,0,0,1,0,0,139.14,139.13999888343145
2.57,6,0.0184706051458962,2,6,1,2,0,0,1,0,0,139.14,129.5932541825075
3.5,5,0.0377073906485671,1,1,0,0,0,0,0,0,0,92.82,92.82000797254344
6.95,5,0.0748761042878689,1,1,0,0,0,0,0,0,0,92.82,92.82003802644942
48.99,5,0.5277957336780866,1,1,0,0,0,0,0,0,0,92.82,92.82000243274825
13.39,5,0.1442577030812324,1,1,0,0,0,0,0,0,0,92.82,92.81999892120302
19.99,5,0.2153630683042447,1,1,0,0,0,0,0,0,0,92.82,92.82000141688961
10.76,3,0.2941498086386003,3,10,1,4,0,0,0,0,0,36.58,36.579994661089
10.99,3,0.3004373974849645,3,10,1,4,0,0,0,0,0,36.58,36.58000721323748
14.83,3,0.4054127938764352,3,10,1,4,0,0,0,0,0,36.58,36.58000055387804
15.45,5,0.2578437917222964,2,5,0,4,0,0,0,7,0,59.92,59.92000164405251
9.93,5,0.1657209612817089,2,5,0,4,0,0,0,7,0,59.92,61.62846181456807
12.28,5,0.2049399198931909,2,5,0,4,0,0,0,7,0,59.92,59.91999912874017
10.47,5,0.1747329773030707,2,5,0,4,0,0,0,7,0,59.92,59.920000762634395
11.79,5,0.1967623497997329,2,5,0,4,0,0,0,7,0,59.92,59.92000018801927
30.01,6,0.268329756795422,1,8,1,0,2,0,0,0,0,111.84,111.84000178511829
30.02,6,0.2684191702432045,1,8,1,0,2,0,0,0,0,111.84,111.84000178511829
7.54,6,0.06741773962804,1,8,1,0,2,0,0,0,0,111.84,111.84000291211555
15.78,6,0.1410944206008583,1,8,1,0,2,0,0,0,0,111.84,111.8399894613768
10.49,6,0.0937947067238912,1,8,1,0,2,0,0,0,0,111.84,111.84000449561351
18.0,6,0.1609442060085837,1,8,1,0,2,0,0,0,0,111.84,111.84000603786629
39.5,4,0.5580672506357728,8,9,0,2,0,0,0,0,0,70.78,82.73491513001015
7.16,4,0.1011585193557502,8,9,0,2,0,0,0,0,0,70.78,70.78000235832155
11.53,4,0.1628991240463407,8,9,0,2,0,0,0,0,0,70.78,70.77999995079692
12.59,4,0.1778751059621361,8,9,0,2,0,0,0,0,0,70.78,66.31674608843949
48.99,2,0.6972672929120409,1,5,0,1,0,0,0,1,0,70.26,72.5419684077267
21.27,2,0.3027327070879589,1,5,0,1,0,0,0,1,0,70.26,70.26000288828479
4.0,5,0.0490015925517579,2,6,1,3,0,0,0,0,2,81.63,81.79683796301791
31.65,5,0.3877251010657846,2,6,1,3,0,0,0,0,2,81.63,69.1428819233656
9.0,5,0.1102535832414553,2,6,1,3,0,0,0,0,2,81.63,84.25347596201227
20.35,5,0.2492956021070685,2,6,1,3,0,0,0,0,2,81.63,81.62999731145933
16.63,5,0.2037241210339336,2,6,1,3,0,0,0,0,2,81.63,81.63000311436156
4.75,6,0.0292649867537428,4,4,0,0,0,0,1,1,3,162.31,162.31000201862832
34.99,6,0.2155751340028341,4,4,0,0,0,0,1,1,3,162.31,162.3100022857288
26.61,6,0.1639455363193888,4,4,0,0,0,0,1,1,3,162.31,162.15141670132778
29.99,6,0.1847698847883679,4,4,0,0,0,0,1,1,3,162.31,162.31000065360038
56.99,6,0.3511182305464851,4,4,0,0,0,0,1,1,3,162.31,162.3099988127258
8.98,6,0.0553262275891811,4,4,0,0,0,0,1,1,3,162.31,162.31000050901875
35.48,4,0.4533605928954766,2,7,1,5,0,0,0,1,0,78.25999999999999,78.26000225860213
8.5,4,0.1086123179146435,2,7,1,5,0,0,0,1,0,78.25999999999999,80.60127509086652
5.65,4,0.0721952466138512,2,7,1,5,0,0,0,1,0,78.25999999999999,77.43222193624891
28.63,4,0.3658318425760286,2,7,1,5,0,0,0,1,0,78.25999999999999,78.259997774872
48.99,3,0.7705253224284366,2,6,0,0,0,0,0,0,0,63.58,72.76143291982146
9.68,3,0.1522491349480969,2,6,0,0,0,0,0,0,0,63.58,60.0321986290876
4.91,3,0.0772255426234665,2,6,0,0,0,0,0,0,0,63.58,63.580002381045055
14.86,5,0.1603193440500593,5,11,0,1,0,0,0,1,0,92.69,92.68999440092541
13.62,5,0.1469414176286546,5,11,0,1,0,0,0,1,0,92.69,92.69000129122293
1.25,5,0.0134858129248031,5,11,0,1,0,0,0,1,0,92.69,92.68999470086854
14.98,5,0.1616139820908404,5,11,0,1,0,0,0,1,0,92.69,92.37805940350081
47.98,5,0.5176394433056425,5,11,0,1,0,0,0,1,0,92.69,92.68999824376749
14.99,4,0.2572948849982835,3,7,0,5,0,0,0,1,0,58.260000000000005,58.25997984107862
17.37,4,0.2981462409886715,3,7,0,5,0,0,0,1,0,58.260000000000005,58.26000268976338
6.5,4,0.1115688293855132,3,7,0,5,0,0,0,1,0,58.260000000000005,58.260039466990385
19.4,4,0.3329900446275317,3,7,0,5,0,0,0,1,0,58.260000000000005,54.192228639891056
29.99,4,0.5732033639143731,1,0,0,0,0,0,1,2,0,52.32,52.32000103763926
2.7,4,0.0516055045871559,1,0,0,0,0,0,1,2,0,52.32,47.44945983581222
5.0,4,0.095565749235474,1,0,0,0,0,0,1,2,0,52.32,52.320001143737116
14.63,4,0.2796253822629969,1,0,0,0,0,0,1,2,0,52.32,52.31999830191131
5.0,9,0.0387206690931619,3,11,0,5,0,0,0,1,1,129.13,129.09598377571766
3.0,9,0.0232324014558971,3,11,0,5,0,0,0,1,1,129.13,129.1299967998981
1.3,9,0.0100673739642221,3,11,0,5,0,0,0,1,1,129.13,129.13000127079567
6.85,9,0.0530473166576318,3,11,0,5,0,0,0,1,1,129.13,129.13000110288866
18.97,9,0.1469062185394563,3,11,0,5,0,0,0,1,1,129.13,129.07318894730113
48.99,9,0.3793851157748006,3,11,0,5,0,0,0,1,1,129.13,129.12999892172488
1.77,9,0.0137071168589793,3,11,0,5,0,0,0,1,1,129.13,129.13033231714735
8.0,9,0.061953070549059,3,11,0,5,0,0,0,1,1,129.13,129.12999966397345
35.25,9,0.2729807171067916,3,11,0,5,0,0,0,1,1,129.13,129.13000227348238
12.99,5,0.3226527570789865,2,0,0,0,0,0,1,0,0,40.260000000000005,40.26000407804935
2.15,5,0.0534028812717337,2,0,0,0,0,0,1,0,0,40.260000000000005,40.26000039695137
1.3,5,0.0322901142573273,2,0,0,0,0,0,1,0,0,40.260000000000005,40.26000537845631
3.0,5,0.07451564828614,2,0,0,0,0,0,1,0,0,40.260000000000005,40.25996260309364
20.82,5,0.5171385991058122,2,0,0,0,0,0,1,0,0,40.260000000000005,40.260003967976985
9.98,5,0.0955115322040386,1,0,0,0,0,0,0,0,0,104.49,104.49000085696616
13.39,5,0.1281462340893865,1,0,0,0,0,0,0,0,0,104.49,104.48999537142468
29.88,5,0.2859603789836348,1,0,0,0,0,0,0,0,0,104.49,104.4899789120627
14.27,5,0.136568092640444,1,0,0,0,0,0,0,0,0,104.49,104.49000523163114
36.97,5,0.3538137620824959,1,0,0,0,0,0,0,0,0,104.49,104.49000366030444
5.8,4,0.0948177211051168,2,5,1,2,0,0,0,0,1,61.17,62.42661238495327
2.0,4,0.0326957658983161,2,5,1,2,0,0,0,0,1,61.17,104.33544730022908
11.37,4,0.1858754291319274,2,5,1,2,0,0,0,0,1,61.17,62.00089653960817
42.0,4,0.6866110838646395,2,5,1,2,0,0,0,0,1,61.17,71.75834098725701
52.99,10,0.2037450015379883,3,8,0,3,5,0,1,0,0,260.08,260.07999714934795
21.99,10,0.0845509074131036,3,8,0,3,5,0,1,0,0,260.08,260.0800043078192
15.01,10,0.0577130113811135,3,8,0,3,5,0,1,0,0,260.08,260.0799991568952
30.0,10,0.1153491233466625,3,8,0,3,5,0,1,0,0,260.08,260.2390796268148
26.31,10,0.101161181175023,3,8,0,3,5,0,1,0,0,260.08,260.08000216171683
38.03,10,0.1462242386957859,3,8,0,3,5,0,1,0,0,260.08,260.07203712667933
37.8,10,0.1453398954167948,3,8,0,3,5,0,1,0,0,260.08,260.0799996967037
5.88,10,0.0226084281759458,3,8,0,3,5,0,1,0,0,260.08,260.0799966426832
24.07,10,0.0925484466318056,3,8,0,3,5,0,1,0,0,260.08,260.07999515821393
8.0,10,0.0307597662257766,3,8,0,3,5,0,1,0,0,260.08,260.08000118201255
10.99,4,0.120782503571821,2,1,0,0,0,0,0,0,0,90.99,90.98997698602025
48.99,4,0.538410814375206,2,1,0,0,0,0,0,0,0,90.99,84.48228467627177
7.99,4,0.0878118474557643,2,1,0,0,0,0,0,0,0,90.99,90.98999638757302
23.02,4,0.2529948345972084,2,1,0,0,0,0,0,0,0,90.99,90.99001027032895
22.58,7,0.4111434814275309,3,11,0,0,0,0,0,3,0,54.92,54.92002169780628
1.96,7,0.0356882738528769,3,11,0,0,0,0,0,3,0,54.92,54.91993693403744
6.6,7,0.1201747997086671,3,11,0,0,0,0,0,3,0,54.92,54.92000044962931
5.6,7,0.1019664967225054,3,11,0,0,0,0,0,3,0,54.92,54.91999832264083
4.0,7,0.0728332119446467,3,11,0,0,0,0,0,3,0,54.92,59.50328651069114
5.62,7,0.1023306627822287,3,11,0,0,0,0,0,3,0,54.92,54.91999832264083
8.56,7,0.155863073561544,3,11,0,0,0,0,0,3,0,54.92,54.92001003986095
18.77,1,1.0,5,10,0,4,0,0,0,0,0,18.77,18.769997441874395
17.13,4,0.4225456339417858,3,13,0,3,0,0,0,0,0,40.54,40.53999568637735
4.6,4,0.1134681795757276,3,13,0,3,0,0,0,0,0,40.54,40.53999841064426
16.09,4,0.3968919585594475,3,13,0,3,0,0,0,0,0,40.54,40.54000298539003
2.72,4,0.0670942279230389,3,13,0,3,0,0,0,0,0,40.54,40.54000218159807
11.45,3,0.1317454838338511,3,14,0,5,0,0,0,0,0,86.91,86.90999948786764
48.99,3,0.5636865723161892,3,14,0,5,0,0,0,0,0,86.91,86.91000285714217
26.47,3,0.3045679438499597,3,14,0,5,0,0,0,0,0,86.91,86.910000418951
16.77,4,0.4039017341040463,2,7,0,0,0,0,0,1,0,41.52,41.495501256697224
3.0,4,0.0722543352601156,2,7,0,0,0,0,0,1,0,41.52,39.1195697243441
7.65,4,0.1842485549132948,2,7,0,0,0,0,0,1,0,41.52,41.521812957027265
14.1,4,0.3395953757225434,2,7,0,0,0,0,0,1,0,41.52,42.87107705127241
14.99,9,0.1030878206450725,2,10,0,3,0,0,5,1,0,145.41,145.4099997593993
14.99,9,0.1030878206450725,2,10,0,3,0,0,5,1,0,145.41,145.4099997593993
14.99,9,0.1030878206450725,2,10,0,3,0,0,5,1,0,145.41,145.4099997593993
24.99,9,0.1718588817825459,2,10,0,3,0,0,5,1,0,145.41,145.5904957812361
14.99,9,0.1030878206450725,2,10,0,3,0,0,5,1,0,145.41,145.4099997593993
14.99,9,0.1030878206450725,2,10,0,3,0,0,5,1,0,145.41,145.4099997593993
14.99,9,0.1030878206450725,2,10,0,3,0,0,5,1,0,145.41,145.4099997593993
11.78,9,0.0810123100199436,2,10,0,3,0,0,5,1,0,145.41,145.41000485947686
18.7,9,0.1286018843270751,2,10,0,3,0,0,5,1,0,145.41,145.2331223688717
10.08,6,0.1393998063891577,2,7,0,0,1,0,0,0,0,72.31,80.93841166390456
8.8,6,0.1216982436730742,2,7,0,0,1,0,0,0,0,72.31,72.30999823522066
27.84,6,0.3850089890748167,2,7,0,0,1,0,0,0,0,72.31,72.30999332134084
4.0,6,0.055317383487761,2,7,0,0,1,0,0,0,0,72.31,72.30975567236297
15.19,6,0.2100677637947725,2,7,0,0,1,0,0,0,0,72.31,72.3102046664133
6.4,6,0.0885078135804176,2,7,0,0,1,0,0,0,0,72.31,72.31122223420833
13.99,7,0.0865396511196338,3,10,0,5,0,0,2,1,0,161.66,161.66000203529754
59.99,7,0.371087467524434,3,10,0,5,0,0,2,1,0,161.66,157.41214574347785
48.99,7,0.3030434244711122,3,10,0,5,0,0,2,1,0,161.66,145.78709521360304
11.79,7,0.0729308425089694,3,10,0,5,0,0,2,1,0,161.66,149.76846970873703
2.7,7,0.0167017196585426,3,10,0,5,0,0,2,1,0,161.66,141.75510181623633
6.0,7,0.0371149325745391,3,10,0,5,0,0,2,1,0,161.66,161.66000088586776
18.2,7,0.1125819621427687,3,10,0,5,0,0,2,1,0,161.66,161.6599980742401
17.99,3,0.3126520681265207,1,8,0,0,0,0,0,2,0,57.53999999999999,57.53999180449338
20.15,3,0.3501911713590546,1,8,0,0,0,0,0,2,0,57.53999999999999,57.54000288809832
19.4,3,0.3371567605144248,1,8,0,0,0,0,0,2,0,57.53999999999999,52.780387438070065
7.99,5,0.1190760059612518,2,7,0,0,0,0,0,0,1,67.1,65.99017630469196
1.8,5,0.0268256333830104,2,7,0,0,0,0,0,0,1,67.1,80.5169352360389
14.81,5,0.2207153502235469,2,7,0,0,0,0,0,0,1,67.1,67.10000299899487
2.5,5,0.03725782414307,2,7,0,0,0,0,0,0,1,67.1,83.24277518758996
40.0,5,0.5961251862891208,2,7,0,0,0,0,0,0,1,67.1,84.12659074181286
15.11,11,0.2022486949538214,4,11,1,3,1,0,0,0,1,74.71000000000001,74.70999546229513
13.99,11,0.1872573952616784,4,11,1,3,1,0,0,0,1,74.71000000000001,74.7100053756021
4.4,11,0.0588943916477044,4,11,1,3,1,0,0,0,1,74.71000000000001,74.70999849880326
4.0,11,0.0535403560433676,4,11,1,3,1,0,0,0,1,74.71000000000001,74.71000303227308
1.3,11,0.0174006157140944,4,11,1,3,1,0,0,0,1,74.71000000000001,74.70999588643917
0.5,11,0.0066925445054209,4,11,1,3,1,0,0,0,1,74.71000000000001,74.60230049124476
5.5,11,0.0736179895596305,4,11,1,3,1,0,0,0,1,74.71000000000001,74.71000342779055
0.6,11,0.0080310534065051,4,11,1,3,1,0,0,0,1,74.71000000000001,74.7100008605927
4.9,11,0.0655869361531254,4,11,1,3,1,0,0,0,1,74.71000000000001,74.6564912472137
4.4,11,0.0588943916477044,4,11,1,3,1,0,0,0,1,74.71000000000001,74.70999849880326
20.01,11,0.2678356311069468,4,11,1,3,1,0,0,0,1,74.71000000000001,74.71000433930284
10.55,4,0.197565543071161,2,8,0,4,0,0,1,0,0,53.4,52.61844899593454
15.99,4,0.299438202247191,2,8,0,4,0,0,1,0,0,53.4,52.672958531278326
18.86,4,0.3531835205992509,2,8,0,4,0,0,1,0,0,53.4,52.346908885757145
8.0,4,0.149812734082397,2,8,0,4,0,0,1,0,0,53.4,53.39999870679458
48.99,4,0.4760470313866485,2,10,0,5,0,0,1,1,0,102.91,82.5720224100356
16.5,4,0.1603342726654358,2,10,0,5,0,0,1,1,0,102.91,98.69358501637348
20.43,4,0.1985229812457487,2,10,0,5,0,0,1,1,0,102.91,102.9099993917963
16.99,4,0.1650957147021669,2,10,0,5,0,0,1,1,0,102.91,102.91000244062215
16.99,3,0.4049094375595805,2,7,0,0,0,0,1,0,0,41.96,41.95999746199186
13.99,3,0.3334127740705433,2,7,0,0,0,0,1,0,0,41.96,41.959994613870464
10.98,3,0.2616777883698761,2,7,0,0,0,0,1,0,0,41.96,41.9600038698718
15.99,2,0.4632097334878331,2,7,0,3,0,0,1,0,0,34.52,33.99883086578977
18.53,2,0.5367902665121669,2,7,0,3,0,0,1,0,0,34.52,34.519997760892835
16.53,5,0.590990346800143,2,9,0,5,1,0,0,0,0,27.97,27.970001360289174
1.65,5,0.0589917769038255,2,9,0,5,1,0,0,0,0,27.97,27.969998749763803
4.5,5,0.1608866642831605,2,9,0,5,1,0,0,0,0,27.97,27.969995377643627
1.29,5,0.0461208437611726,2,9,0,5,1,0,0,0,0,27.97,34.78694705051484
4.0,5,0.1430103682516982,2,9,0,5,1,0,0,0,0,27.97,27.97000387027036
16.58,3,0.2248135593220338,1,8,0,1,0,0,0,1,0,73.75,73.7499973956942
8.18,3,0.1109152542372881,1,8,0,1,0,0,0,1,0,73.75,73.74999739745016
48.99,3,0.664271186440678,1,8,0,1,0,0,0,1,0,73.75,73.7499999688705
9.0,3,0.2817783343769568,5,5,0,5,0,0,0,0,0,31.94,29.66627909171092
18.95,3,0.5932999373825923,5,5,0,5,0,0,0,0,0,31.94,31.939998731069025
3.99,3,0.1249217282404508,5,5,0,5,0,0,0,0,0,31.94,32.05933951992441
24.38,11,0.1591487695019257,4,14,0,4,0,0,7,1,0,153.19,153.3260895791161
11.5,11,0.0750701742933611,4,14,0,4,0,0,7,1,0,153.19,153.1899954834879
10.99,11,0.0717409752594817,4,14,0,4,0,0,7,1,0,153.19,153.19000005698922
10.99,11,0.0717409752594817,4,14,0,4,0,0,7,1,0,153.19,153.19000005698922
10.99,11,0.0717409752594817,4,14,0,4,0,0,7,1,0,153.19,153.19000005698922
10.99,11,0.0717409752594817,4,14,0,4,0,0,7,1,0,153.19,153.19000005698922
14.99,11,0.0978523402310855,4,14,0,4,0,0,7,1,0,153.19,153.19000203941417
19.99,11,0.1304915464455904,4,14,0,4,0,0,7,1,0,153.19,153.1501270983699
10.99,11,0.0717409752594817,4,14,0,4,0,0,7,1,0,153.19,153.19000005698922
25.58,11,0.1669821789934068,4,14,0,4,0,0,7,1,0,153.19,153.1900000596629
1.8,11,0.0117501142372217,4,14,0,4,0,0,7,1,0,153.19,153.18999777725517
10.99,3,0.2236467236467236,6,9,0,4,0,1,1,0,0,49.14,49.13999772301749
18.67,3,0.3799348799348799,6,9,0,4,0,1,1,0,0,49.14,49.14000189465429
19.48,3,0.3964183964183964,6,9,0,4,0,1,1,0,0,49.14,44.95511657447375
23.98,5,0.1237549672291892,1,7,0,0,0,0,0,0,0,193.77,146.8281733483079
48.99,5,0.2528255147855705,1,7,0,0,0,0,0,0,0,193.77,230.2189774541475
19.6,5,0.101150848944625,1,7,0,0,0,0,0,0,0,193.77,175.88391272039627
93.12,5,0.4805697476389534,1,7,0,0,0,0,0,0,0,193.77,193.77000286079232
8.08,5,0.0416989214016617,1,7,0,0,0,0,0,0,0,193.77,193.76999705384583
1.79,11,0.013431379905455,3,11,0,4,0,0,0,0,0,133.27,133.26999498128802
24.68,11,0.1851879642830344,3,11,0,4,0,0,0,0,0,133.27,133.27000208811663
6.46,11,0.0484730246867261,3,11,0,4,0,0,0,0,0,133.27,133.30449971012493
19.95,11,0.1496961056501838,3,11,0,4,0,0,0,0,0,133.27,133.26757839327647
0.99,11,0.0074285285510617,3,11,0,4,0,0,0,0,0,133.27,133.23995390916804
35.99,11,0.2700532753057702,3,11,0,4,0,0,0,0,0,133.27,133.26999706644148
14.49,11,0.1087266451564493,3,11,0,4,0,0,0,0,0,133.27,133.2808728836019
1.4,11,0.0105049898701883,3,11,0,4,0,0,0,0,0,133.27,133.2699985064013
1.8,11,0.013506415547385,3,11,0,4,0,0,0,0,0,133.27,133.27000878672263
3.35,11,0.025136940046522,3,11,0,4,0,0,0,0,0,133.27,133.26125006978614
22.37,11,0.1678547309972236,3,11,0,4,0,0,0,0,0,133.27,133.2699975660358
2.5,11,0.0594813228646205,0,0,0,0,0,0,0,0,1,42.03,42.03000286567442
0.95,11,0.0226029026885557,0,0,0,0,0,0,0,0,1,42.03,42.03000011851303
13.6,11,0.3235783963835355,0,0,0,0,0,0,0,0,1,42.03,42.02999989361149
1.99,11,0.0473471330002379,0,0,0,0,0,0,0,0,1,42.03,42.02999895655597
6.0,11,0.1427551748750892,0,0,0,0,0,0,0,0,1,42.03,42.03000083879435
0.95,11,0.0226029026885557,0,0,0,0,0,0,0,0,1,42.03,42.03000011851303
5.5,11,0.1308589103021651,0,0,0,0,0,0,0,0,1,42.03,42.0830659695642
6.0,11,0.1427551748750892,0,0,0,0,0,0,0,0,1,42.03,42.03000083879435
0.95,11,0.0226029026885557,0,0,0,0,0,0,0,0,1,42.03,42.03000011851303
0.8,11,0.0190340233166785,0,0,0,0,0,0,0,0,1,42.03,42.03000200639043
2.79,11,0.0663811563169164,0,0,0,0,0,0,0,0,1,42.03,42.02999933267469
0.95,9,0.041376306620209,0,0,0,0,0,0,0,0,0,22.96,22.95999615565185
1.6,9,0.0696864111498257,0,0,0,0,0,0,0,0,0,22.96,22.960006049459736
2.15,9,0.0936411149825783,0,0,0,0,0,0,0,0,0,22.96,22.959999624334543
0.8,9,0.0348432055749128,0,0,0,0,0,0,0,0,0,22.96,22.56904087191502
6.0,9,0.2613240418118467,0,0,0,0,0,0,0,0,0,22.96,22.959995875526758
2.51,9,0.1093205574912891,0,0,0,0,0,0,0,0,0,22.96,22.9599980747857
1.6,9,0.0696864111498257,0,0,0,0,0,0,0,0,0,22.96,22.960006049459736
6.0,9,0.2613240418118467,0,0,0,0,0,0,0,0,0,22.96,22.959995875526758
1.35,9,0.0587979094076655,0,0,0,0,0,0,0,0,0,22.96,22.960000817944604
1.6,6,0.0693541395752058,0,0,0,0,0,0,0,0,0,23.07,23.06999330358512
2.24,6,0.0970957954052882,0,0,0,0,0,0,0,0,0,23.07,23.070003401439408
6.0,6,0.2600780234070221,0,0,0,0,0,0,0,0,0,23.07,23.070002490791595
4.48,6,0.1941915908105765,0,0,0,0,0,0,0,0,0,23.07,23.069999715384284
6.0,6,0.2600780234070221,0,0,0,0,0,0,0,0,0,23.07,23.070002490791595
2.75,6,0.1192024273948851,0,0,0,0,0,0,0,0,0,23.07,23.070000660862505
48.99,5,0.0886712881681116,0,0,0,0,0,0,0,0,0,552.49,552.4900006790904
489.9,5,0.8867128816811164,0,0,0,0,0,0,0,0,0,552.49,552.4899993447723
6.0,5,0.010859925066517,0,0,0,0,0,0,0,0,0,552.49,552.4899993963495
1.6,5,0.0028959800177378,0,0,0,0,0,0,0,0,0,552.49,218.66829651303175
6.0,5,0.010859925066517,0,0,0,0,0,0,0,0,0,552.49,552.4899993963495
12.0,1,1.0,0,0,0,0,0,0,0,0,0,12.0,15.935348395877256
1.6,1,1.0,0,0,0,0,0,0,0,0,0,1.6,1.5999992438222819
