Total_Nbr_of_Items,Total_Price,Venue,Payment_Type,Card_Source,Date_diff,Week_day_name,Nbr_trips_per_wk,Nbr_items_per_wk,Nbr_items_wk_perc,Total_Exp_wk_perc,Part_of_day,Cooking_base,Cosmetics_and_selfcare,Bread_wk,Bread_exp_receipt,Bread_exp_wk,Cooked_meats_wk,Cooked_meats_exp_wk,Cooked_meats_wk_exp_perc,Raw_meats_receipt,Raw_meats_wk,Raw_meats_wk_perc,Raw_meats_exp_receipt,Raw_meats_exp_wk,Raw_meats_wk_exp_perc,Eating_out_wk,Eating_out_exp_wk,Snacks_wk,Snacks_wk_perc,Snacks_exp_wk,Drinks_receipt,Drinks_wk,Drinks_wk_perc,Drinks_exp_wk,Drinks_wk_exp_perc,Vegetables_wk,Vegetables_exp_receipt,Vegetables_exp_wk,Vegetables_wk_exp_perc,Fruit_receipt,Fruit_wk,Fruit_exp_receipt,Fruit_exp_wk,Fruit_wk_exp_perc,Cooking_base_wk,Cooking_base_wk_perc,Cooking_base_wk_exp_perc,Dairy_produce_wk,Dairy_produce_exp_receipt,Dairy_produce_exp_wk,Seasoning_wk,Seasoning_exp_wk,Breakfast_wk,Breakfast_exp_wk,Transport_wk,Transport_exp_wk,DIY_wk,DIY_wk_exp_perc,Electronics_wk,Education_wk,Education_exp_wk,Tech_and_services_receipt,Tech_and_services_wk,Tech_and_services_wk_perc,Cosmetics_and_selfcare_wk,Cosmetics_and_selfcare_wk_perc,Cosmetics_and_selfcare_exp_wk,Clothes_and_shoes_wk,Clothes_and_shoes_exp_wk,House_and_kitchen_receipt,House_and_kitchen_wk,House_and_kitchen_exp_wk,y_train
3,1,4,1,2,3,3,1,1,1,0,1,1,1,2,1,2,1,0,3,2,1,4,3,2,4,0,0,0,4,2,2,0,2,0,4,3,3,2,3,1,0,1,0,1,2,1,1,3,1,2,2,1,1,1,0,0,0,0,1,0,0,0,1,1,1,2,1,0,0,1,1,0,28.69
1,2,2,1,0,1,2,1,0,0,2,0,1,1,3,2,0,1,0,1,1,3,0,0,2,1,0,0,1,3,1,2,0,1,0,0,3,3,2,3,0,2,0,0,0,2,1,1,2,2,1,2,1,1,1,0,0,0,0,0,0,0,0,0,1,1,2,1,0,0,1,1,0,40.260000000000005
3,1,4,1,0,3,0,0,0,1,0,1,1,1,3,1,2,1,0,3,2,3,4,3,2,4,0,0,0,4,2,2,0,2,0,4,1,2,1,2,1,0,1,0,1,2,1,1,3,1,2,2,1,1,1,0,0,0,0,0,0,0,0,0,1,1,2,1,0,0,1,1,0,20.47
1,0,0,1,0,0,3,1,0,0,0,2,1,1,3,1,2,1,0,2,2,1,0,3,2,1,0,0,2,0,0,2,3,3,0,2,3,3,2,0,1,0,1,0,1,2,1,1,2,1,2,2,1,1,1,0,0,0,0,0,0,0,0,0,1,1,2,1,0,0,1,1,0,19.3
3,1,4,1,2,3,5,1,2,3,1,0,1,1,4,1,2,1,0,3,2,2,4,3,2,4,0,0,0,4,2,2,1,2,0,4,0,3,2,3,1,0,1,0,1,2,1,1,2,1,2,2,1,1,1,0,0,0,0,0,0,0,0,0,1,3,2,1,0,0,1,1,0,50.31
3,0,4,0,1,3,0,1,0,3,3,1,1,1,3,1,2,1,0,3,2,3,4,3,2,4,0,1,0,4,2,2,0,2,0,4,1,3,2,3,1,0,1,0,1,2,1,1,3,1,2,2,1,3,1,0,0,0,0,0,1,0,0,0,1,1,2,1,0,0,1,1,0,49.6
3,1,4,1,2,4,5,1,2,3,3,0,1,1,4,1,2,1,0,3,2,2,4,3,2,4,0,0,0,4,2,2,0,2,0,4,3,3,2,3,1,0,1,0,1,2,1,1,2,1,2,2,1,1,1,0,0,0,0,0,0,0,1,1,0,1,2,1,0,0,1,1,0,108.24
0,0,0,1,0,0,0,0,2,1,1,1,1,1,4,0,0,1,0,3,2,2,1,3,0,4,0,0,0,4,2,2,0,2,0,4,0,1,1,1,1,0,1,0,0,2,1,1,3,1,2,0,0,3,0,0,0,0,0,0,0,0,0,0,1,1,2,1,0,0,1,1,0,23.98
3,3,4,1,3,2,6,1,2,3,0,1,1,1,4,1,2,2,0,3,2,1,4,3,2,4,1,1,0,4,2,2,0,2,0,4,3,3,2,3,1,3,1,0,1,2,1,1,1,1,2,2,1,1,1,0,0,0,0,0,0,0,0,0,1,1,2,1,0,0,1,1,0,104.49
0,1,2,1,0,2,0,1,3,1,3,0,1,1,3,1,2,1,0,3,2,3,4,3,2,4,0,0,5,4,2,2,0,0,0,3,1,3,2,3,0,3,2,1,2,2,1,1,3,1,2,1,1,0,0,0,0,0,0,0,0,0,0,0,1,2,2,1,0,0,1,1,0,59.92
0,0,0,1,0,2,2,0,0,2,0,1,1,1,4,0,0,1,0,0,2,3,3,3,2,0,0,0,1,4,2,2,0,1,0,0,3,3,2,3,1,0,1,0,0,2,1,1,1,0,0,2,1,1,1,0,0,0,0,0,0,0,0,0,1,0,1,1,0,0,1,1,0,17.64
3,0,1,1,0,3,1,3,3,3,3,0,1,1,3,1,2,1,0,3,2,2,4,3,2,4,0,0,3,4,2,2,3,2,0,4,1,3,2,3,1,0,1,0,1,3,1,1,3,1,2,2,1,1,1,0,0,0,0,0,0,0,0,1,1,1,2,1,0,0,1,1,0,63.38
3,0,0,1,0,3,3,2,4,3,3,2,1,1,2,1,2,1,0,3,2,2,4,3,2,4,0,0,3,1,0,2,3,2,0,4,4,3,2,3,1,0,1,0,1,0,1,1,3,1,2,2,1,1,1,0,0,0,0,0,0,0,0,0,1,0,2,1,0,0,1,1,0,56.18
3,0,4,1,0,3,1,1,3,3,3,1,1,1,3,1,2,1,0,3,2,4,4,3,2,4,0,0,5,4,2,2,3,2,0,4,0,3,2,3,1,0,1,0,1,1,1,1,2,1,2,2,1,1,1,0,0,0,0,0,0,0,0,0,1,1,2,1,0,0,1,1,0,68.3
3,1,4,1,0,3,2,3,4,3,3,1,1,1,3,1,2,0,0,3,2,2,4,3,2,4,1,1,5,4,2,2,1,2,0,4,4,3,2,3,1,2,1,0,1,1,1,1,1,1,2,3,1,1,1,0,0,0,0,0,0,0,0,0,1,1,2,1,0,0,1,1,0,116.05
0,0,0,1,0,1,2,0,0,1,1,1,1,1,1,1,0,1,0,3,2,2,1,1,0,2,0,0,0,4,2,2,0,2,0,4,1,1,0,2,1,0,1,0,1,2,1,1,3,1,2,2,1,1,1,0,0,0,0,0,0,0,0,0,1,0,2,1,0,0,1,1,0,29.2
3,1,4,0,1,4,3,2,2,3,3,2,1,1,3,1,2,1,0,3,2,4,4,3,2,4,1,1,0,4,2,2,3,2,0,4,1,3,2,3,1,3,1,0,1,2,1,1,3,1,2,2,1,1,1,0,0,0,0,0,0,0,0,0,1,0,2,1,0,0,1,1,0,162.45
3,1,4,1,0,4,4,2,4,3,3,1,1,1,2,1,2,1,0,3,2,2,4,3,2,4,0,0,3,4,2,2,3,2,0,4,4,2,1,2,1,0,1,0,1,0,1,1,3,1,2,2,1,1,1,0,0,0,0,0,0,0,0,0,1,0,2,1,0,0,1,1,0,56.18
0,1,2,1,0,4,0,0,0,0,3,1,1,1,2,1,2,1,0,3,2,3,3,0,0,2,0,0,5,0,2,2,0,1,0,0,1,1,0,2,1,0,1,0,1,2,1,1,3,1,2,2,1,1,1,0,0,0,0,0,0,0,0,1,1,1,2,1,0,0,1,1,0,63.58
3,0,4,0,1,3,2,3,2,3,3,1,1,1,1,1,2,1,0,3,2,3,4,3,2,4,2,1,0,4,2,2,0,2,0,4,3,3,2,3,1,0,1,0,1,2,1,1,3,1,2,2,1,1,1,0,0,0,0,0,0,0,0,1,1,3,2,1,0,0,1,1,0,200.0
3,0,3,1,0,3,0,3,2,3,3,0,1,1,1,1,2,1,0,2,2,3,4,3,2,4,2,0,0,4,2,2,0,2,0,4,3,3,2,3,1,0,1,0,1,2,1,1,3,0,2,2,1,1,1,0,0,0,0,0,0,0,0,1,1,3,2,1,0,0,1,1,0,200.0
3,0,4,1,0,4,1,1,0,3,1,1,1,1,1,1,2,1,0,3,2,2,4,3,2,4,2,0,0,4,2,2,0,2,0,4,3,3,2,3,1,0,1,0,1,2,1,1,3,1,2,2,1,1,1,0,0,0,0,0,0,0,1,1,0,0,2,1,0,0,1,1,0,31.23
3,3,4,1,4,4,2,1,2,3,2,1,1,1,3,1,2,0,0,3,2,3,4,3,2,4,0,0,2,4,2,2,3,2,0,4,3,3,2,3,1,0,1,0,1,2,1,1,2,1,2,2,1,1,1,0,0,0,0,0,0,0,0,0,1,3,2,1,0,0,1,1,0,200.0
1,1,2,1,0,4,3,2,2,2,3,0,1,1,3,0,2,1,0,1,2,2,1,3,0,3,0,0,5,1,1,2,0,2,0,4,0,3,0,3,0,3,2,1,0,2,1,1,3,0,2,2,1,0,1,0,0,0,0,0,1,0,0,1,1,1,2,1,0,0,1,1,0,161.66
3,0,4,1,0,1,1,1,3,3,3,1,1,1,4,1,2,1,0,3,2,2,4,3,2,4,0,0,0,4,2,2,3,2,0,4,0,3,2,3,1,0,1,0,1,1,1,1,2,1,2,2,1,1,1,0,0,0,0,0,0,0,0,0,1,1,0,1,0,0,0,1,0,43.38
3,3,4,1,2,2,0,1,3,3,2,1,1,1,4,1,2,1,0,3,2,2,4,3,2,4,0,0,0,4,2,2,0,2,0,4,4,3,2,3,1,2,1,0,1,0,1,1,2,1,2,3,1,1,1,0,0,0,0,0,0,0,1,1,0,1,2,1,0,0,1,1,0,200.0
1,3,1,1,0,3,4,1,3,1,0,1,2,1,3,1,2,1,1,2,2,3,3,2,1,1,0,0,0,4,2,2,3,3,0,1,1,1,0,2,1,3,0,1,2,2,0,0,1,2,1,1,1,0,1,0,0,0,0,0,0,0,0,0,1,1,2,1,0,0,1,1,0,139.14
3,0,4,1,0,3,3,2,0,3,3,0,1,1,2,1,2,1,0,3,2,3,4,3,2,4,0,0,0,4,2,2,3,2,0,4,1,3,2,3,1,0,1,0,1,3,1,1,3,1,2,2,1,1,1,0,0,0,0,1,0,0,0,0,1,1,2,1,1,0,0,1,1,200.0
3,1,4,1,2,3,0,0,0,3,0,3,1,1,1,1,2,1,0,3,2,2,4,3,2,4,0,0,0,4,2,2,0,2,0,4,1,3,2,3,1,0,1,0,1,2,1,1,3,1,2,2,1,1,1,0,0,0,0,0,0,0,0,0,1,0,2,1,0,0,1,1,0,29.2
2,1,0,1,0,4,5,0,2,0,0,0,1,1,4,0,0,1,0,1,2,3,3,3,2,0,0,0,1,3,1,2,0,2,0,4,0,0,0,2,1,2,1,0,1,2,1,1,0,0,1,2,1,3,1,0,0,0,0,0,0,0,0,0,1,1,2,1,0,0,1,1,0,34.11
0,1,0,1,0,1,5,1,2,1,3,2,1,1,3,0,2,0,1,2,2,3,4,3,2,4,0,0,2,1,0,2,3,3,0,2,3,3,2,2,1,0,1,0,1,2,1,1,2,2,1,2,1,1,1,0,0,0,0,0,0,0,0,0,1,3,1,1,0,0,1,1,0,200.0
3,1,4,1,0,4,3,1,2,3,3,1,1,1,1,1,2,1,0,3,2,3,4,3,2,4,0,0,0,4,2,2,0,2,0,4,1,3,2,3,1,0,1,0,1,2,1,1,1,1,2,2,1,1,1,0,0,0,1,0,0,0,0,0,1,1,2,1,0,0,1,1,0,85.36
3,3,4,1,2,2,3,1,0,3,2,0,1,1,3,1,2,1,0,3,2,1,4,3,2,4,0,0,5,4,2,2,3,2,0,4,3,3,2,3,1,3,1,0,1,2,1,1,3,1,2,2,1,1,1,0,0,0,0,0,0,0,1,1,0,1,2,1,0,0,1,0,0,92.82
0,0,2,1,0,3,4,1,2,2,3,0,1,1,3,1,2,1,0,3,2,4,4,3,2,4,0,0,5,4,2,2,0,2,0,4,1,1,2,0,1,0,1,0,1,2,1,1,3,1,2,3,1,1,1,0,0,0,0,0,0,0,0,1,1,1,2,1,0,0,1,1,0,79.7
0,0,0,1,0,4,0,1,3,1,3,1,1,1,4,0,0,1,0,1,2,2,1,3,1,3,0,0,3,1,0,2,0,2,0,4,3,3,2,3,1,0,1,0,1,2,1,1,2,1,2,3,1,1,1,0,0,1,0,0,0,0,0,0,1,1,2,1,0,0,1,1,0,65.2
0,1,0,1,0,2,2,1,0,0,0,0,1,1,1,1,0,1,0,3,1,2,2,1,0,1,0,0,0,4,2,2,0,1,0,0,1,0,2,0,1,0,1,0,1,2,1,1,3,1,2,2,1,1,1,0,0,0,0,0,0,0,0,0,1,1,2,1,0,0,1,1,0,23.880000000000003
3,1,4,1,2,3,2,1,2,3,3,0,1,1,4,1,2,1,0,3,2,4,4,3,2,4,0,0,0,4,2,2,0,2,0,4,0,3,2,3,1,0,1,0,1,2,1,1,3,1,2,2,1,3,1,0,0,0,0,0,0,0,0,0,1,1,2,1,0,0,1,1,0,92.69
3,2,4,1,0,3,1,1,0,3,0,0,1,1,2,1,2,1,0,3,2,3,4,3,2,4,0,0,0,4,2,2,0,2,0,4,0,3,2,3,1,0,1,0,1,2,1,1,3,1,2,2,1,1,1,1,0,0,0,0,0,0,0,0,1,0,2,1,0,0,1,1,0,57.37
0,0,2,1,0,3,2,1,2,1,1,0,1,1,4,1,2,1,0,3,2,3,4,3,2,4,0,0,1,3,0,2,0,2,0,4,1,3,2,3,1,2,1,0,1,2,1,1,2,0,0,2,1,1,1,0,0,0,0,0,0,0,0,0,1,1,0,1,0,0,1,1,0,41.52
3,0,0,1,0,4,0,2,1,3,3,2,1,1,1,0,1,0,0,2,2,0,4,3,1,4,0,0,3,4,2,2,2,2,1,4,4,3,2,3,1,0,1,0,1,1,1,1,1,1,0,3,1,1,1,0,0,0,0,0,0,0,0,0,1,0,2,1,0,0,1,1,0,77.28
3,1,4,1,3,3,5,3,4,3,3,0,1,1,4,1,2,1,0,3,2,2,4,3,2,4,0,0,2,4,2,2,3,2,0,4,4,3,2,3,1,2,1,0,1,2,1,1,2,1,2,3,1,0,1,0,0,0,0,0,1,1,0,0,1,1,2,1,0,0,1,1,0,153.19
0,1,1,1,0,3,1,2,3,3,1,1,1,1,1,1,2,1,0,3,0,0,0,2,1,2,0,0,1,2,1,2,3,3,0,1,4,3,2,3,1,0,1,0,1,2,1,1,3,1,2,1,1,1,1,0,0,0,0,0,0,0,0,0,1,0,2,1,0,0,1,1,0,48.7
0,1,2,1,0,4,4,1,2,1,3,1,1,1,4,2,1,2,1,3,2,1,0,0,2,1,1,0,0,4,2,2,0,2,0,4,3,3,2,3,0,3,0,1,2,2,1,1,1,2,1,2,1,1,1,0,0,0,0,0,0,0,0,0,1,1,2,1,0,0,1,1,0,104.49
3,0,4,1,0,2,1,1,0,3,3,1,1,1,2,1,2,1,0,3,2,3,4,3,2,4,0,0,0,4,2,2,0,2,0,4,1,3,2,3,1,0,1,0,1,2,1,1,3,1,2,2,1,1,1,0,0,0,0,0,0,0,1,1,0,1,2,1,0,0,1,1,0,67.1
3,3,4,1,2,1,0,0,3,3,2,0,1,1,4,1,2,1,0,3,2,2,4,3,2,4,0,0,5,4,2,2,0,2,0,4,4,3,2,3,1,2,1,0,1,2,1,1,3,1,2,2,1,0,1,0,0,0,0,0,0,0,1,1,0,1,2,1,0,0,1,1,0,86.91
1,1,2,1,0,3,4,1,0,0,1,0,2,1,2,1,2,1,0,1,1,3,0,0,2,1,0,0,0,3,2,2,0,2,0,4,1,1,2,2,1,0,1,0,1,2,0,0,3,1,2,2,1,0,0,0,0,0,0,0,0,0,0,0,1,1,2,1,0,0,1,1,0,61.17
1,1,0,1,0,2,0,0,2,2,0,1,1,1,0,1,2,1,0,3,2,3,3,0,0,0,0,0,0,4,2,2,3,2,0,4,0,1,0,2,1,0,1,0,0,2,1,1,3,1,2,1,0,1,1,0,0,0,0,0,0,0,0,0,1,1,0,1,0,0,1,1,0,25.28
0,1,2,1,0,0,3,0,1,0,2,1,1,1,4,0,0,1,0,1,1,3,0,0,2,1,0,0,0,4,2,2,0,1,0,0,3,3,2,0,1,0,1,0,1,2,1,1,2,2,0,2,1,0,0,0,0,0,0,0,0,0,0,0,1,1,2,1,0,0,1,1,0,13.88
0,1,0,1,0,4,6,2,1,3,3,0,1,1,4,1,2,1,0,3,2,4,1,3,0,4,0,0,1,4,2,1,4,4,1,3,4,3,2,3,1,0,1,0,1,2,1,1,3,1,2,2,1,1,1,0,0,0,0,2,0,0,0,0,1,0,1,1,0,0,1,1,0,175.43
2,3,2,1,0,3,6,2,3,2,1,0,1,1,3,1,2,1,0,3,1,2,2,2,1,2,0,0,1,3,0,0,3,4,1,3,0,0,1,1,1,0,1,0,1,2,1,1,3,1,2,1,1,0,0,0,0,0,0,0,0,0,0,1,1,1,0,1,0,0,1,1,0,129.13
3,0,3,1,0,2,0,0,2,3,3,1,1,1,3,1,2,1,0,3,2,4,4,3,2,4,0,0,1,4,2,2,0,2,0,4,1,3,2,3,1,0,1,0,1,2,1,1,3,1,2,2,1,0,1,0,0,0,0,0,0,0,0,0,1,1,2,1,0,0,0,1,1,31.94
3,2,4,1,3,3,4,1,2,3,3,1,1,1,4,1,2,1,0,3,2,3,4,3,2,4,0,0,0,4,2,2,3,2,0,4,0,3,2,3,1,0,1,0,1,2,1,1,2,1,2,2,1,0,1,0,0,0,0,0,0,1,0,1,1,1,2,1,0,0,1,1,0,102.91
0,0,0,1,0,2,1,1,2,1,1,2,1,1,1,1,0,1,0,0,2,2,1,3,0,3,0,0,0,3,2,2,0,2,0,4,0,3,0,1,1,0,1,0,1,2,1,1,2,1,2,2,1,1,1,0,0,0,0,0,0,0,0,0,1,1,2,1,0,0,1,0,0,33.16
3,0,3,1,0,2,6,2,2,3,3,1,1,1,3,1,2,1,0,3,2,1,4,3,2,4,0,0,1,4,2,2,3,3,0,4,1,3,2,3,1,0,1,0,1,2,1,1,3,1,2,2,1,1,1,0,0,0,0,0,0,0,0,1,1,1,2,1,0,0,1,1,0,88.08
1,0,0,1,0,4,1,1,3,1,3,2,0,1,1,0,1,1,0,3,2,2,1,3,0,3,0,0,1,4,2,2,0,0,0,3,2,1,1,3,1,0,1,0,1,1,0,2,2,1,2,2,1,1,1,0,0,0,0,0,0,0,0,1,1,0,2,1,0,0,1,1,0,73.75
0,0,2,1,0,2,4,2,3,3,3,1,1,1,1,0,1,1,0,0,2,0,4,3,1,3,0,0,1,2,1,2,3,2,0,4,4,3,2,3,1,0,1,0,0,2,1,1,3,1,2,1,1,1,1,0,0,0,0,0,0,0,0,0,1,0,2,1,0,0,1,1,0,48.7
0,1,0,1,0,3,2,1,2,1,3,1,2,1,3,1,2,0,1,2,2,1,4,3,2,4,0,0,2,4,0,2,3,3,0,2,1,3,2,3,0,3,0,1,2,2,0,0,2,1,2,2,1,1,1,0,0,0,0,0,0,0,0,0,1,1,2,1,0,0,1,1,0,70.74000000000001
3,0,0,1,0,3,2,3,3,3,3,2,1,1,3,1,2,1,0,3,2,2,4,3,2,4,0,0,3,4,2,2,3,3,0,2,1,3,2,3,1,0,1,0,1,3,1,1,3,1,2,2,1,1,1,0,0,0,0,0,0,0,0,1,1,1,2,1,0,0,1,1,0,63.38
0,0,0,1,0,2,0,1,2,1,3,1,1,1,4,1,2,1,0,1,2,3,4,3,2,4,0,0,0,4,2,2,0,2,0,4,4,1,0,2,1,0,1,0,1,2,1,1,1,1,0,2,1,0,1,0,0,0,0,0,0,0,0,0,1,0,2,1,0,0,1,1,0,31.04
0,0,0,1,0,3,4,1,0,1,3,0,1,1,3,0,2,1,0,1,2,3,3,3,0,3,0,0,0,3,2,2,0,0,0,1,1,3,2,3,1,0,1,0,1,2,1,1,3,1,2,2,1,3,1,0,0,0,0,0,1,0,0,0,1,1,0,1,0,0,1,1,0,49.6
3,0,4,1,0,4,2,1,2,3,3,0,1,1,1,1,2,1,0,3,2,2,4,3,2,4,0,0,1,4,2,2,0,2,0,4,1,3,2,3,1,0,1,0,1,2,1,1,2,1,2,2,1,1,1,0,0,0,0,0,0,0,0,0,1,0,2,1,0,0,0,1,1,27.39
0,1,2,1,0,1,1,2,2,1,3,1,1,1,3,0,0,1,0,1,2,4,1,3,1,4,1,0,0,4,2,1,3,4,0,3,1,3,0,3,0,3,0,1,2,2,1,1,3,2,1,2,1,1,1,0,0,0,0,0,0,0,0,0,1,0,2,1,0,0,1,1,0,162.45
1,1,0,1,0,3,1,1,2,2,3,2,1,1,3,0,2,0,1,3,2,1,0,3,2,1,0,0,2,0,0,2,3,3,0,2,1,3,2,3,0,3,0,1,2,2,1,1,2,2,0,2,1,1,1,0,0,0,0,0,0,0,0,0,1,1,2,1,0,0,1,1,0,70.74000000000001
0,1,0,1,0,3,1,1,3,1,1,2,1,1,3,1,2,0,1,2,2,2,1,0,0,2,0,0,4,2,0,2,1,2,0,2,0,3,1,3,1,0,1,0,1,2,1,1,2,1,2,2,1,1,1,0,0,0,0,0,0,0,0,0,1,1,0,1,0,0,1,1,0,51.81
1,2,2,1,0,1,4,1,2,0,0,2,1,1,3,0,2,1,0,0,1,3,0,1,0,1,0,0,2,2,0,2,0,1,0,0,1,0,0,0,1,0,1,0,1,2,1,1,3,0,2,2,1,0,1,0,0,0,0,0,0,0,0,0,1,1,2,1,0,0,1,1,0,53.4
3,0,4,1,0,4,5,2,1,3,3,2,1,1,4,1,2,1,0,3,2,2,4,3,2,4,2,0,0,4,2,2,3,2,0,4,2,3,1,3,1,2,0,1,2,1,1,1,1,1,2,2,1,1,1,0,0,0,0,0,0,0,0,0,1,0,2,1,0,0,1,2,0,102.47
4,3,4,1,4,2,5,1,4,0,2,1,1,1,3,1,2,1,0,3,2,3,4,3,2,4,0,0,1,4,2,2,0,2,0,4,1,3,2,3,1,0,1,0,1,2,1,1,3,1,2,2,1,1,1,1,0,2,1,1,0,0,0,0,1,1,2,1,0,0,1,1,0,200.0
2,2,2,1,0,4,6,1,2,0,1,1,1,1,3,1,2,1,0,3,1,2,2,1,0,2,0,0,5,2,2,2,0,0,0,1,1,1,0,2,1,2,1,0,1,2,1,1,3,1,2,2,1,0,0,0,0,0,0,0,0,0,0,0,1,1,0,1,0,0,1,1,0,58.260000000000005
1,1,0,1,0,3,6,4,3,1,3,1,1,1,4,1,2,1,0,0,2,3,3,3,2,0,2,0,3,1,0,2,2,2,1,4,3,3,2,3,1,0,0,0,0,2,1,1,3,1,2,2,1,1,1,0,0,0,0,0,1,0,0,0,1,3,1,0,0,0,1,1,0,165.28
0,0,0,0,1,3,5,1,2,1,1,0,2,0,4,1,2,0,0,2,2,2,1,3,2,3,0,0,0,4,2,2,3,2,0,4,3,3,2,3,1,2,1,1,2,2,0,0,1,1,0,2,1,1,1,0,0,0,0,0,0,0,0,0,1,3,1,1,0,0,1,1,0,42.95
3,0,3,1,0,2,1,3,2,3,3,1,1,1,1,2,1,1,0,3,2,3,4,3,2,4,2,0,0,4,2,2,0,2,0,4,3,3,2,3,1,0,1,0,1,2,1,1,3,1,2,2,1,1,1,0,0,0,0,0,0,0,0,1,1,3,2,1,0,0,1,1,0,200.0
3,0,2,1,0,3,5,0,1,2,1,0,1,1,2,1,2,1,0,3,2,1,4,3,2,4,0,0,0,4,2,2,0,2,0,4,3,3,2,3,1,0,1,0,0,2,1,1,3,1,2,2,1,2,0,0,0,0,0,0,0,0,0,0,1,1,2,1,0,0,1,1,0,13.34
3,3,4,1,4,3,4,3,2,3,1,0,1,1,3,1,2,1,0,3,2,1,4,3,2,4,0,0,1,4,2,2,0,2,0,4,3,3,2,3,1,0,1,0,1,2,1,1,2,1,2,2,1,3,1,0,1,0,0,0,0,0,0,0,1,0,2,1,1,0,1,0,0,172.09
3,0,3,1,0,3,5,3,3,3,3,1,1,1,3,1,2,1,0,3,2,0,4,3,2,4,0,0,5,4,2,0,2,3,1,2,1,3,0,1,1,0,1,0,1,2,1,1,2,1,2,0,0,1,1,0,0,0,0,0,0,0,0,0,1,0,2,1,0,0,1,0,0,63.93
3,0,3,0,1,4,6,2,2,3,3,1,1,1,3,1,2,1,0,3,2,3,4,3,2,4,0,0,2,4,2,2,3,2,0,4,0,3,2,3,1,0,1,0,1,2,1,1,3,1,2,2,1,1,1,0,0,0,0,0,0,0,0,0,1,1,2,1,0,0,0,1,0,29.12
3,0,4,0,1,0,0,1,0,3,3,1,1,1,3,1,2,1,0,3,2,3,4,3,2,4,0,0,0,4,2,2,0,0,0,3,1,3,2,3,1,0,1,0,1,2,1,1,3,1,2,2,1,3,1,0,0,0,0,0,1,0,0,0,1,1,2,1,0,0,1,1,0,49.6
3,0,4,1,0,3,6,1,2,3,3,1,1,1,3,1,2,1,0,3,2,2,4,3,2,4,0,0,1,4,2,2,0,2,0,4,3,3,2,3,1,0,1,0,1,2,1,1,1,1,2,0,1,1,1,0,0,0,0,0,0,0,0,0,1,0,2,1,0,0,1,1,0,31.42
0,0,0,1,0,2,1,1,3,1,3,0,0,1,1,0,1,0,0,2,2,2,4,3,2,4,0,0,1,2,1,2,0,2,0,4,1,3,2,3,1,2,1,0,1,0,0,0,0,0,1,2,1,1,1,0,0,0,0,0,0,0,0,1,1,2,2,0,0,0,1,1,0,73.53999999999999
0,0,0,1,0,1,3,0,3,1,1,0,1,1,1,0,1,0,0,0,2,2,1,3,0,4,0,0,2,2,1,2,0,2,0,4,1,3,2,3,1,0,1,0,0,0,1,1,0,0,1,2,1,1,1,0,0,0,0,0,0,0,0,0,1,1,2,1,0,0,1,1,0,31.76
3,0,0,1,0,1,6,1,2,3,3,0,1,1,1,0,1,0,0,2,2,4,1,3,1,4,0,0,0,4,2,2,0,1,0,0,0,3,2,3,1,0,1,0,1,2,1,1,0,0,1,2,1,1,1,0,0,0,0,0,0,0,0,0,1,0,2,1,0,0,1,1,0,44.17
4,3,2,1,0,1,2,0,3,0,1,0,1,1,4,0,0,1,0,0,1,2,2,1,0,2,0,0,5,1,1,2,0,0,0,1,4,0,0,2,0,2,0,0,2,2,1,1,3,1,2,2,1,0,0,0,0,0,0,0,0,0,0,1,1,1,2,1,0,0,1,1,0,86.91
3,2,4,1,0,3,2,4,3,3,3,1,1,1,4,1,2,1,0,3,2,3,4,3,2,4,2,0,3,4,2,2,2,2,0,4,3,3,2,3,1,0,1,0,1,2,1,1,3,1,2,2,1,1,1,0,0,0,0,0,1,0,0,0,1,3,1,0,0,0,1,1,0,165.28
3,0,0,1,0,2,4,1,2,3,3,2,1,1,0,1,0,1,0,3,2,1,4,3,2,4,0,0,0,4,2,2,0,2,0,4,0,3,2,3,1,0,1,0,1,2,1,1,2,1,2,3,1,1,1,0,0,0,0,0,0,0,0,0,1,3,2,1,0,0,1,1,0,31.55
3,1,4,1,2,4,4,1,0,3,1,1,1,1,3,1,2,1,0,3,2,3,4,3,2,4,0,0,0,4,2,2,0,2,0,4,1,3,2,3,1,0,1,0,1,2,1,1,3,1,2,2,1,3,1,0,0,0,0,0,1,1,0,0,1,1,2,1,0,0,1,1,0,49.6
3,0,4,1,0,3,2,4,4,3,3,1,1,1,2,1,2,1,0,3,2,2,4,3,2,4,0,0,0,4,2,2,1,2,0,4,1,3,2,3,1,3,1,0,1,3,1,1,3,1,2,3,1,1,1,0,0,0,0,0,0,0,0,0,1,3,2,1,0,0,1,2,0,119.88
0,0,0,1,0,0,0,1,2,1,1,1,1,1,3,1,2,1,0,0,2,2,1,3,0,3,0,0,1,4,2,2,0,2,0,4,3,3,2,2,1,0,1,0,1,2,1,1,1,1,0,0,0,1,1,0,0,0,0,0,0,0,0,0,1,0,1,1,0,0,1,1,0,31.42
3,0,1,1,0,3,2,1,3,3,3,1,1,1,4,1,2,1,0,3,2,2,4,3,2,4,0,0,1,4,2,1,4,3,1,2,3,3,2,3,1,3,0,1,2,0,1,1,3,1,2,2,1,1,1,0,0,0,0,0,0,0,0,1,1,0,2,1,0,0,1,1,0,64.54
3,0,1,1,0,3,5,2,1,3,3,0,1,1,1,1,2,0,0,3,2,0,4,3,2,4,0,0,3,4,2,2,2,2,1,4,4,3,2,3,1,0,1,0,1,1,1,1,1,1,2,3,1,1,1,0,0,0,0,0,0,0,0,0,1,0,2,1,0,0,1,1,0,77.28
3,0,4,1,0,3,4,3,3,3,3,3,1,1,4,1,2,1,0,3,2,2,4,3,2,4,0,0,1,4,2,2,0,2,0,4,0,3,2,3,1,2,1,0,1,2,1,1,2,1,2,3,1,2,1,0,0,0,0,0,0,0,0,0,1,1,2,1,0,0,1,1,0,74.71000000000001
1,1,0,1,0,3,6,2,2,0,0,0,1,1,3,1,2,1,0,3,2,3,3,0,0,2,0,0,2,0,0,2,3,2,0,4,0,0,0,2,1,0,1,0,1,2,1,1,3,1,2,2,1,1,1,0,0,0,0,0,0,0,0,0,1,1,0,1,0,0,1,1,0,29.12
3,1,4,1,3,3,5,3,4,3,3,0,1,1,4,1,2,1,0,3,2,2,4,3,2,4,0,0,2,4,2,2,3,2,0,4,4,3,2,3,1,2,1,0,1,2,1,1,2,1,2,3,1,0,1,0,0,0,0,0,1,1,0,0,1,1,2,1,0,0,1,1,0,153.19
3,0,4,1,0,3,3,1,4,3,3,1,1,1,3,1,2,1,0,3,2,3,4,3,2,4,0,0,1,4,2,2,0,2,0,4,1,3,2,3,1,0,1,0,1,2,1,1,3,1,2,2,1,1,1,1,0,2,0,1,0,0,0,0,1,1,2,1,0,0,1,1,0,200.0
3,0,4,1,0,4,5,1,0,3,3,1,1,0,4,1,2,1,0,3,2,2,4,3,2,4,0,0,0,4,2,2,0,2,0,4,1,3,2,3,1,0,1,0,1,3,1,1,3,1,2,2,1,1,1,0,0,0,0,1,0,0,0,0,1,0,1,1,0,0,0,1,0,53.62
3,0,1,1,0,1,2,1,3,3,3,0,1,1,4,1,2,1,0,3,2,2,4,3,2,4,0,0,0,4,2,2,3,3,0,2,0,3,2,3,1,0,1,0,1,1,1,1,2,1,2,2,1,1,1,0,0,0,0,0,0,0,0,0,1,1,2,1,0,0,1,1,0,43.38
3,0,4,1,0,4,5,2,4,3,3,2,1,1,4,0,0,0,1,2,2,3,3,3,2,0,0,0,4,4,2,2,4,2,1,4,0,3,2,3,1,0,1,0,1,2,1,1,1,1,2,2,1,1,1,0,0,0,0,0,0,0,0,0,1,1,2,1,0,0,1,1,0,55.21
0,0,2,1,0,2,2,2,2,1,3,1,1,1,3,1,2,1,1,1,2,2,4,3,2,4,0,0,1,4,2,2,1,2,2,4,0,1,0,2,1,2,1,0,1,2,1,1,3,1,2,2,1,1,1,0,0,0,0,0,0,0,0,0,1,0,2,1,0,0,1,1,0,54.92
3,0,4,1,0,4,4,2,2,3,3,0,1,1,3,1,2,1,0,3,2,1,4,3,2,4,0,0,1,4,2,2,3,2,0,4,1,3,2,3,1,0,1,0,1,2,1,1,3,1,2,2,1,1,1,0,0,0,0,0,0,0,0,1,1,1,2,1,0,0,0,1,0,88.08
1,1,2,1,0,0,2,1,3,2,0,0,1,1,3,0,2,1,0,1,2,2,1,3,0,3,0,0,2,0,0,0,1,3,1,1,0,3,2,3,0,2,0,0,2,2,1,1,3,0,2,2,1,2,0,0,0,0,0,0,0,0,0,0,1,1,2,1,0,0,1,0,0,40.54
3,0,0,0,1,4,5,1,0,3,3,1,1,1,3,1,2,1,0,3,2,3,4,3,2,4,0,0,2,2,1,2,0,2,0,4,1,3,2,3,1,0,1,0,1,2,1,1,3,1,2,3,1,3,1,0,0,0,0,0,0,0,0,2,1,1,2,1,0,0,1,1,0,200.0
3,0,4,0,1,4,5,4,3,3,3,1,1,1,4,1,2,1,0,3,2,3,4,3,2,4,2,1,3,4,2,2,2,2,0,4,3,3,2,3,1,0,1,0,1,2,1,1,3,1,2,2,1,1,1,0,0,0,0,0,1,0,0,0,1,3,2,1,0,0,1,1,0,165.28
3,2,4,1,0,0,1,1,2,3,0,1,1,1,4,1,2,0,0,3,2,2,4,3,2,4,0,0,0,4,2,2,3,2,0,4,3,3,2,3,1,2,1,0,1,2,1,1,1,1,2,2,1,1,1,0,0,0,1,0,0,0,0,0,1,3,2,1,0,0,1,1,0,42.95
0,0,1,1,0,0,4,1,2,1,3,1,1,1,3,1,2,1,0,3,2,2,4,3,2,4,0,0,2,0,0,2,0,2,0,4,1,3,2,3,1,0,1,0,1,2,1,1,3,1,2,1,1,2,1,0,0,0,0,0,0,0,0,0,1,1,0,1,0,0,1,1,0,36.35
3,0,3,1,0,2,0,1,2,3,3,0,1,1,1,1,2,1,0,3,2,2,4,3,2,4,0,0,0,4,2,2,0,0,0,3,0,3,2,3,1,0,1,0,1,2,1,1,2,1,2,2,1,1,1,0,0,0,1,0,0,0,0,0,1,1,2,1,0,0,0,0,1,33.16
3,1,4,1,0,2,2,1,4,3,3,3,1,1,3,1,2,1,0,3,2,3,4,3,2,4,0,0,1,4,2,2,0,2,0,4,1,3,2,3,1,0,1,0,1,2,1,1,3,1,2,2,1,1,1,1,1,2,0,1,0,0,0,0,1,1,2,1,0,0,1,1,0,200.0
3,0,0,1,0,2,6,2,1,3,3,0,1,1,1,1,1,0,0,3,2,0,4,3,1,4,0,0,3,2,0,2,2,2,0,4,4,3,2,3,1,0,1,0,1,1,1,1,1,1,2,3,1,1,1,0,0,0,0,0,0,0,0,0,1,0,2,1,0,0,1,1,0,77.28
3,3,4,1,2,2,3,1,0,3,2,1,1,1,3,1,2,1,0,3,2,3,4,3,2,4,0,0,2,4,2,2,0,2,0,4,1,3,2,3,1,0,1,0,1,2,1,1,3,1,2,3,1,3,1,0,0,0,0,0,0,0,2,2,0,1,2,1,0,0,1,1,0,200.0
3,3,4,1,2,2,5,1,1,3,2,0,1,1,3,1,2,1,0,3,2,1,4,3,2,4,0,0,0,4,2,2,0,2,0,4,3,3,2,3,1,2,1,0,1,2,1,1,3,1,2,2,1,1,1,0,0,0,0,0,0,1,0,0,1,0,2,1,0,0,1,1,0,52.32
2,2,2,1,0,4,0,1,2,2,1,0,1,1,3,2,0,1,0,1,2,3,3,3,0,3,0,0,2,0,0,2,0,1,0,0,1,3,0,3,1,0,1,0,1,2,1,1,2,2,1,2,1,2,0,0,0,0,0,0,0,0,0,0,1,1,2,1,1,0,1,1,0,81.63
3,1,4,1,0,1,2,2,2,3,3,1,2,1,4,1,2,1,0,3,2,2,4,3,2,4,0,0,0,4,2,2,1,2,0,4,0,0,1,2,1,0,1,0,1,0,0,2,2,1,2,2,1,1,1,0,0,0,0,0,0,0,0,2,1,1,2,1,0,0,1,1,0,172.27
3,1,4,1,3,3,5,3,4,3,3,0,1,1,4,1,2,1,0,3,2,2,4,3,2,4,0,0,2,4,2,2,3,2,0,4,4,3,2,3,1,2,1,0,1,2,1,1,2,1,2,3,1,0,1,0,0,0,0,0,1,1,0,0,1,1,2,1,0,0,1,1,0,153.19
0,0,0,1,0,2,2,1,2,1,3,0,1,0,3,1,2,1,0,3,2,1,4,3,2,4,0,0,1,4,2,2,0,1,0,0,1,3,2,3,1,0,1,0,1,2,1,1,2,1,2,2,1,3,1,0,0,0,0,0,0,0,0,0,1,2,0,0,0,0,1,0,0,44.87
1,1,0,1,0,3,2,0,2,2,1,1,1,1,4,0,0,1,0,3,2,2,1,0,0,2,0,0,1,4,2,2,0,2,0,4,1,2,0,0,1,0,1,0,1,2,1,1,1,1,0,2,1,1,1,0,0,0,0,0,0,0,0,0,1,1,2,1,0,0,1,1,0,36.44
1,2,2,1,0,1,4,1,2,0,1,3,1,1,4,2,0,1,0,1,1,3,0,0,2,1,0,0,0,4,2,0,3,4,0,0,0,1,0,2,1,0,1,0,1,2,1,1,2,2,0,2,1,0,1,0,0,0,0,0,0,0,0,1,1,1,2,1,0,0,1,1,0,102.91
0,0,0,1,0,3,1,2,4,1,3,2,1,1,4,1,2,0,1,2,2,3,4,3,2,4,0,0,4,2,0,0,4,2,1,2,0,3,2,3,1,0,1,0,1,2,1,1,1,1,0,2,1,1,1,0,0,0,0,0,0,0,0,0,1,1,2,1,0,0,1,1,0,55.21
3,0,4,0,1,3,2,2,2,3,3,1,1,1,3,1,2,1,0,3,2,2,4,3,2,4,0,0,5,4,2,2,0,2,0,4,0,3,2,3,1,3,1,0,1,2,1,1,3,1,2,2,1,0,1,0,0,0,0,0,1,0,0,1,1,1,2,1,0,0,1,1,0,161.66
0,0,0,1,0,4,6,2,3,1,3,0,1,1,2,1,2,1,0,3,2,1,4,3,2,4,0,0,1,0,0,1,2,0,1,2,3,3,2,3,1,1,1,1,1,2,1,1,3,1,2,2,1,3,1,0,0,0,0,0,0,0,0,1,1,1,2,1,0,0,1,1,0,58.17
1,2,0,1,0,4,5,1,3,1,1,2,0,1,3,1,2,1,0,0,1,4,3,2,1,0,0,0,5,4,2,1,3,4,1,1,0,3,1,3,1,0,1,0,1,1,0,2,2,1,2,2,1,1,1,0,0,0,0,0,0,0,0,0,1,1,2,1,0,0,1,1,0,68.3
3,0,3,0,1,2,2,2,2,3,3,1,1,1,3,1,2,1,0,3,2,3,4,3,2,4,0,0,2,4,0,2,3,2,0,4,0,3,2,3,1,0,1,0,1,2,1,1,3,1,2,2,1,1,1,0,0,0,0,0,0,0,0,0,1,1,2,1,0,0,1,1,0,29.12
0,1,0,1,0,1,3,1,3,1,1,1,1,1,3,0,2,0,1,2,2,2,1,3,0,4,0,0,4,1,0,2,1,2,0,2,0,3,2,3,1,0,1,0,1,2,1,1,2,2,0,2,1,1,1,0,0,0,0,0,0,0,0,0,1,1,2,1,0,0,1,1,0,51.81
2,2,0,1,0,4,2,1,3,2,1,0,1,1,4,0,0,1,0,3,0,2,2,2,0,1,0,0,0,4,2,2,0,2,0,4,4,2,1,2,1,2,1,0,1,2,1,1,3,1,2,3,0,1,1,0,0,0,0,0,0,0,0,0,1,0,2,1,1,0,1,1,0,110.23
3,0,3,1,0,4,6,2,2,3,3,1,1,1,4,1,2,1,0,3,2,2,4,3,2,4,0,0,0,4,2,0,1,3,1,2,0,3,2,3,1,0,1,0,1,0,1,1,2,1,2,2,1,1,1,0,0,0,0,0,0,0,0,2,1,1,0,1,0,0,1,1,0,172.27
4,2,0,1,4,4,3,1,3,0,3,1,2,1,4,0,0,1,0,1,2,2,1,3,0,3,0,0,0,4,2,2,0,1,0,0,4,2,1,2,1,2,0,1,2,0,0,2,2,0,2,3,1,1,1,0,0,0,0,0,0,0,0,1,1,1,2,1,0,0,1,1,0,200.0
3,0,3,1,0,3,0,1,3,3,3,0,1,1,3,1,2,1,0,3,2,4,4,3,2,4,0,0,5,4,2,2,3,2,0,4,0,3,2,3,1,0,1,0,1,1,1,1,2,1,2,2,1,1,1,0,0,0,0,0,0,0,0,0,1,1,0,1,0,0,1,1,0,68.3
3,0,1,1,0,2,0,4,4,3,3,0,1,1,2,1,2,1,0,3,2,2,4,3,2,4,0,0,0,4,2,2,1,2,0,4,1,3,2,3,1,3,1,1,2,3,1,1,3,1,2,3,1,1,1,0,0,0,0,0,0,0,0,0,1,3,2,1,0,0,1,2,0,119.88
3,0,4,1,0,3,2,1,2,3,3,0,1,1,1,0,1,1,0,3,2,2,4,3,2,4,0,0,1,4,2,2,0,2,0,4,1,3,2,3,1,0,1,0,1,2,1,1,2,1,2,2,1,1,1,0,0,0,0,0,0,0,0,0,1,0,2,1,0,0,1,1,0,27.39
3,1,4,1,2,4,3,1,4,3,1,0,1,1,1,1,2,0,0,3,2,2,4,3,2,4,0,0,5,4,2,2,0,2,0,4,1,3,2,3,1,3,1,0,1,1,1,1,1,1,2,2,1,1,1,0,0,0,0,0,0,0,0,0,1,0,2,1,0,0,1,1,0,57.5
3,0,4,1,0,4,2,4,3,3,3,1,1,1,3,1,2,1,0,3,2,2,4,3,2,4,1,0,5,4,2,2,3,2,0,4,3,3,2,3,1,0,1,0,1,2,1,1,2,1,2,2,1,1,1,0,0,1,0,1,0,0,0,0,1,1,2,1,0,0,1,1,0,140.49
0,0,0,1,0,3,2,2,2,1,3,0,1,0,3,1,2,1,1,2,2,1,0,3,2,1,0,0,1,4,2,2,3,3,1,4,3,3,2,3,1,0,1,0,1,2,1,1,3,1,2,2,1,1,1,0,0,0,0,0,0,0,0,2,1,3,1,1,1,0,1,1,0,200.0
3,0,4,1,0,3,2,3,4,3,3,1,1,1,3,1,2,0,0,3,2,2,4,3,2,4,1,1,5,4,2,2,1,2,0,4,4,3,2,3,1,2,1,0,1,1,1,1,1,1,2,3,1,1,1,0,0,0,0,0,0,0,0,0,1,1,2,1,0,0,1,1,0,116.05
0,0,0,1,0,3,3,1,4,3,3,0,0,1,1,1,0,0,0,2,2,2,1,3,0,4,0,0,5,4,2,2,0,2,0,4,1,3,2,3,1,3,0,1,2,1,0,2,1,1,2,2,1,1,1,0,0,0,0,0,0,0,0,0,1,0,2,1,0,0,1,1,0,57.5
3,0,4,1,0,3,6,1,0,3,1,1,1,1,2,1,2,1,0,3,2,2,4,3,2,4,0,0,0,3,2,2,0,2,0,4,1,3,2,3,1,0,1,0,1,2,1,1,3,1,2,2,1,2,1,0,0,0,0,0,0,0,0,0,1,1,2,1,0,0,1,0,0,37.56
3,0,4,1,0,2,2,3,2,3,3,0,1,1,4,1,2,1,0,3,2,2,4,3,2,4,2,0,5,4,2,2,0,2,0,4,1,2,1,2,1,0,1,0,1,2,1,1,3,1,2,2,1,2,1,2,0,0,0,0,0,0,0,0,1,1,2,1,0,0,1,1,0,200.0
0,1,0,1,0,4,2,1,2,2,1,0,1,1,3,0,2,0,1,2,2,1,0,3,2,1,0,0,2,1,0,2,1,2,1,2,3,3,2,3,0,3,0,1,2,2,1,1,3,1,2,2,1,1,1,0,0,0,0,0,0,0,0,0,1,1,2,1,0,0,1,1,0,32.58
3,0,1,1,0,3,1,1,3,3,3,1,1,0,2,1,2,1,0,3,2,3,4,3,2,4,0,0,4,2,0,2,3,2,0,4,1,3,2,3,1,0,1,0,1,2,1,1,3,1,2,3,1,0,1,0,0,0,0,0,1,0,0,0,1,3,1,0,0,0,1,1,0,71.66
0,0,0,1,0,3,5,1,0,2,1,0,1,0,0,1,2,1,0,3,2,3,3,3,2,0,0,0,0,3,2,2,0,0,0,1,3,3,2,2,1,0,1,0,0,2,1,1,3,1,2,2,1,1,1,0,0,0,0,0,0,0,0,0,1,2,1,1,0,0,1,1,0,22.69
3,3,4,1,2,1,0,1,2,3,2,0,1,1,3,1,2,1,0,3,2,4,4,3,2,4,0,0,5,4,2,2,0,2,0,4,1,3,2,3,1,0,1,0,1,2,1,1,3,1,2,3,1,1,1,0,0,0,0,0,0,0,1,1,0,1,2,1,0,0,1,1,0,79.7
3,3,4,1,3,0,1,0,1,0,2,0,1,1,2,1,2,1,0,3,2,1,4,3,2,4,0,0,0,4,2,2,0,2,0,4,3,3,2,3,1,0,1,0,1,2,1,1,3,1,2,2,1,1,1,0,0,0,0,0,0,0,1,1,0,1,2,1,0,0,1,1,0,32.99
4,3,2,1,0,4,0,1,2,0,0,3,2,1,2,1,2,1,0,3,2,3,3,0,0,2,1,0,1,3,0,2,0,1,0,0,1,2,0,0,0,2,0,0,0,2,0,0,3,1,2,2,1,0,0,0,0,0,0,0,0,0,0,0,1,1,0,1,0,0,1,1,0,78.25999999999999
0,1,4,1,0,4,3,1,3,1,1,1,1,1,2,1,2,1,0,3,2,3,4,3,2,4,0,0,4,4,2,2,3,2,0,4,1,3,2,3,1,0,1,0,1,2,1,1,3,1,2,3,1,0,1,0,0,0,0,0,1,1,0,0,1,3,2,1,0,0,1,1,0,71.66
3,0,4,1,0,2,0,2,2,3,3,1,1,1,3,1,2,1,0,3,2,4,4,3,2,4,1,0,0,4,2,2,3,2,0,4,1,3,2,3,1,3,1,0,1,2,1,1,3,1,2,2,1,1,1,0,0,0,0,0,0,0,0,0,1,0,2,1,0,0,1,1,0,162.45
3,3,4,1,4,2,1,3,2,3,1,0,1,1,4,1,2,1,0,3,2,2,4,3,2,4,2,0,5,4,2,2,0,2,0,4,1,3,2,3,1,0,1,0,1,2,1,1,3,1,2,2,1,2,1,2,1,0,0,0,0,0,0,0,1,1,2,1,0,0,1,1,0,200.0
3,0,3,0,1,2,3,4,4,3,3,0,1,1,2,1,2,2,0,3,2,2,4,3,2,4,2,0,4,4,0,2,1,2,0,4,3,3,2,3,1,2,1,0,1,2,1,1,3,1,2,2,1,1,1,0,0,0,0,0,0,0,0,0,1,2,2,1,0,0,1,1,0,125.01
1,1,0,1,0,4,0,2,2,2,3,2,2,1,4,0,0,1,0,3,1,2,2,1,0,2,0,0,0,4,2,2,1,2,0,4,0,0,1,2,1,0,1,0,1,0,0,1,2,1,2,2,1,1,1,0,0,0,0,0,0,0,0,2,1,1,2,1,0,0,1,1,0,172.27
0,1,0,1,0,4,2,1,0,1,1,0,1,1,1,1,0,1,0,3,1,2,3,1,0,2,2,0,0,4,2,2,0,2,0,4,3,1,2,0,1,0,1,0,1,2,1,1,3,1,2,2,1,1,1,0,0,0,0,0,0,0,0,1,1,0,2,1,0,0,1,1,0,31.23
0,0,0,1,0,4,3,1,3,1,3,0,1,1,1,0,1,0,0,2,2,2,1,3,0,3,0,0,1,2,1,2,0,2,0,4,1,3,2,1,0,2,0,0,0,0,1,1,0,0,1,2,1,1,1,0,0,0,0,0,0,0,0,1,1,2,2,1,0,0,1,1,0,73.53999999999999
3,0,0,1,0,4,0,0,0,1,3,1,1,1,2,1,2,1,0,3,2,1,4,3,2,4,0,0,5,3,2,2,0,2,0,4,0,3,0,1,1,0,1,0,1,0,1,1,3,1,2,2,1,3,1,0,0,0,0,0,0,0,0,0,1,1,2,1,0,0,1,1,0,11.91
3,1,4,1,2,2,1,2,2,3,3,2,1,1,4,1,2,1,0,3,2,2,4,3,2,4,0,0,0,4,2,2,0,2,0,4,4,3,2,3,1,0,1,0,1,2,1,1,2,1,2,2,1,3,1,0,0,0,0,1,1,1,0,0,1,1,2,1,0,0,1,1,0,114.98
3,1,1,1,0,3,2,1,2,3,3,1,1,1,3,1,2,1,0,3,2,2,4,3,2,4,0,0,0,4,2,0,3,4,1,3,0,3,2,3,1,0,1,0,1,2,1,1,3,1,2,2,1,2,1,0,0,0,0,0,0,0,0,0,1,1,2,1,0,0,1,1,0,86.94
3,3,4,1,2,0,5,1,0,3,2,0,1,1,2,1,2,1,0,3,2,3,4,3,2,4,0,0,0,4,2,2,0,2,0,4,3,3,2,3,1,0,1,0,1,2,1,1,3,1,2,2,1,2,1,0,0,0,0,0,0,0,1,1,0,0,2,1,0,0,1,1,0,66.75
3,0,1,1,0,3,0,1,2,3,3,1,1,1,0,1,2,1,0,3,2,1,4,3,2,4,0,0,0,1,2,2,0,1,0,0,0,3,2,3,1,0,1,0,1,2,1,1,2,1,2,3,1,1,1,0,0,0,0,0,0,0,0,0,1,3,2,1,0,0,1,1,0,31.55
3,0,3,1,0,4,3,3,2,3,3,1,1,1,1,2,1,1,0,0,2,3,3,0,1,3,2,0,0,4,2,2,0,2,0,4,3,3,2,3,1,0,1,0,1,2,1,1,3,1,2,2,1,1,1,0,0,0,0,0,0,0,0,1,1,3,2,1,0,0,1,1,0,200.0
3,0,2,1,0,4,2,3,2,3,3,0,1,1,3,1,2,1,0,3,2,1,4,3,2,4,0,0,1,4,2,2,0,2,0,4,3,3,2,3,1,0,1,0,1,2,1,1,2,1,2,2,1,3,1,0,0,0,0,0,0,0,0,0,1,0,2,1,1,0,0,0,1,172.09
3,0,1,1,0,1,5,1,2,3,3,1,1,1,3,1,2,1,0,3,2,2,4,3,2,4,0,0,5,4,2,2,0,0,0,1,3,3,2,3,1,1,1,0,1,2,1,1,2,1,2,2,1,1,1,0,0,0,0,0,0,0,0,0,1,1,2,1,1,0,1,1,0,162.31
3,2,4,1,0,3,1,4,3,3,1,1,1,1,3,1,2,1,0,3,2,2,4,3,2,4,1,0,5,4,2,2,3,2,0,4,3,3,2,3,1,0,1,0,1,2,1,1,2,1,2,2,1,1,1,0,0,1,0,1,0,0,0,0,1,1,2,1,0,0,1,1,0,140.49
3,0,1,1,0,1,5,1,0,3,3,1,1,1,2,1,2,1,0,3,2,2,4,3,2,4,0,0,0,4,2,2,0,2,0,4,1,3,2,3,1,0,1,0,1,2,1,1,3,1,2,2,1,2,1,0,0,0,0,0,0,0,0,0,1,1,0,1,0,0,1,0,0,37.56
3,0,3,0,1,3,3,1,0,3,3,1,1,1,3,1,2,1,0,3,2,1,4,3,2,4,0,0,2,4,0,2,3,2,0,4,3,3,2,3,1,0,1,0,1,2,1,1,2,1,2,2,1,1,1,0,0,0,0,0,0,0,0,0,1,1,2,1,0,0,1,1,0,19.3
3,0,4,1,0,3,1,2,3,3,3,1,1,1,1,1,2,1,0,3,2,0,4,3,2,4,0,0,1,4,2,2,3,2,0,4,4,2,1,2,1,0,1,0,1,2,1,1,3,1,2,1,1,1,1,0,0,0,0,0,0,0,0,0,1,0,2,1,0,0,1,1,0,48.7
3,0,1,1,0,2,0,1,2,3,3,1,1,1,3,1,2,1,0,3,2,2,4,3,2,4,0,0,0,4,2,2,1,2,1,2,3,3,2,3,0,1,2,1,2,2,1,1,3,1,2,2,1,3,1,0,0,0,0,0,0,0,0,0,1,1,2,1,0,0,1,1,0,49.68
3,0,3,1,0,4,6,4,4,3,3,1,1,1,2,1,2,1,0,3,2,2,4,3,2,4,0,0,0,4,2,2,1,2,0,4,1,3,2,3,1,3,1,0,1,3,1,1,3,1,2,3,1,1,1,0,0,0,0,0,0,0,0,0,1,3,1,1,0,0,1,2,0,119.88
3,0,4,1,2,0,0,0,1,1,3,3,1,1,2,1,2,1,0,3,2,1,4,3,2,4,0,0,0,4,2,2,0,2,0,4,3,3,2,3,1,0,1,0,1,2,1,1,3,1,2,2,1,1,1,0,0,0,1,1,0,0,0,0,1,1,2,1,0,0,1,1,0,40.67
1,1,0,1,0,2,0,1,3,2,1,1,0,1,4,0,0,1,0,2,2,2,1,3,1,4,0,0,0,4,2,2,3,3,0,4,0,1,0,2,1,0,1,0,1,1,0,2,2,1,2,2,1,1,1,0,0,0,0,0,0,0,0,0,1,1,2,1,0,0,1,1,0,43.38
0,0,2,1,0,3,3,2,2,1,3,1,1,1,3,1,2,1,0,3,0,2,0,3,2,1,0,0,1,4,2,2,1,2,0,4,0,3,0,2,1,2,1,0,1,2,1,1,3,1,2,2,1,1,1,0,0,0,0,0,0,0,0,0,1,0,2,1,0,0,1,1,0,54.92
3,1,4,1,2,4,3,1,0,3,1,2,1,1,3,1,2,1,0,3,2,3,4,3,2,4,0,0,0,4,2,2,0,2,0,4,1,3,2,3,1,0,1,0,1,2,1,1,3,1,2,2,1,3,1,0,0,0,0,0,1,1,0,0,1,1,2,1,0,0,1,1,0,49.6
2,2,2,1,0,0,1,1,3,2,0,0,1,1,3,1,2,1,0,3,1,2,2,1,0,2,0,0,2,2,0,0,1,3,1,1,0,0,0,0,1,2,1,0,2,2,1,1,3,1,2,2,1,2,0,0,0,0,0,0,0,0,0,0,1,1,2,1,0,0,1,0,0,40.54
3,0,4,1,0,4,2,1,2,3,3,1,1,1,4,1,2,1,0,3,2,3,4,3,2,4,0,0,0,4,2,2,0,2,0,4,0,3,2,3,1,2,1,0,1,2,1,1,2,1,2,2,1,1,1,0,0,0,0,1,0,0,0,0,1,1,2,1,0,0,1,1,0,200.0
3,1,4,1,3,3,0,2,2,3,3,1,1,1,3,1,2,1,0,3,2,2,4,3,2,4,0,0,5,4,2,2,0,2,0,4,0,3,2,3,1,3,1,0,1,2,1,1,3,1,2,2,1,0,1,0,0,0,0,0,1,1,0,1,1,1,2,1,0,0,1,1,0,161.66
3,3,4,1,0,4,1,1,2,3,2,0,1,1,4,1,2,1,0,3,2,2,4,3,2,4,0,0,0,4,2,2,0,2,0,4,3,3,2,3,1,0,1,0,1,2,1,1,2,1,2,2,1,1,1,0,0,0,0,0,0,0,0,1,1,1,2,1,0,0,1,1,0,108.24
2,1,2,1,0,0,3,1,2,0,0,0,1,1,4,2,0,1,0,1,1,3,0,0,2,1,0,0,1,4,2,2,0,1,0,0,1,1,2,0,0,2,0,1,0,2,1,1,2,0,0,2,1,1,1,0,0,0,0,0,0,0,0,0,1,1,2,1,0,0,1,1,0,41.52
3,0,2,1,0,2,2,1,0,3,1,1,1,1,4,0,0,1,0,3,2,3,4,3,2,4,0,0,1,2,1,2,0,0,0,3,1,3,2,3,1,0,1,0,0,2,1,1,3,1,2,2,1,0,1,0,0,0,0,0,0,0,0,0,1,0,2,1,0,0,1,1,0,20.2
0,3,4,1,4,3,5,3,2,1,3,1,1,1,4,1,2,1,0,3,2,2,4,3,2,4,2,1,5,4,2,2,0,2,0,4,1,3,2,3,1,0,1,0,1,2,1,1,3,1,2,2,1,2,1,2,0,0,1,0,0,0,0,0,1,1,2,1,0,0,1,1,0,200.0
3,0,0,1,0,3,5,3,2,3,3,3,1,1,2,1,2,1,0,3,2,2,4,3,2,4,0,0,0,4,2,2,3,3,0,2,0,3,2,3,1,0,1,0,1,2,1,1,3,1,2,2,1,1,1,0,0,0,0,0,0,0,0,0,1,1,2,1,1,0,1,1,0,70.48
3,3,4,1,0,4,4,1,3,3,2,1,1,1,4,1,2,1,0,3,2,2,4,3,2,4,0,0,0,4,2,2,0,2,0,4,4,3,2,3,1,2,1,0,1,2,1,1,3,1,2,3,1,1,1,0,0,0,0,0,0,0,0,0,1,0,2,1,1,1,1,1,0,110.23
3,0,0,1,0,3,2,3,4,3,3,2,1,1,3,1,2,0,0,3,2,2,4,3,2,4,1,0,5,4,2,2,1,2,1,2,4,3,2,3,1,2,1,0,1,1,1,1,1,1,2,3,1,1,1,0,0,0,0,0,0,0,0,0,1,1,2,1,0,0,1,1,0,116.05
3,0,4,1,0,4,3,1,0,3,3,1,1,1,2,1,2,1,0,3,2,3,4,3,2,4,0,0,0,4,2,2,0,2,0,4,1,3,2,3,1,0,1,0,1,2,1,1,3,1,2,2,1,1,1,0,0,0,0,0,0,0,0,1,1,1,2,1,0,0,1,1,0,67.1
3,3,4,1,3,0,1,0,1,0,2,0,1,1,2,1,2,1,0,3,2,1,4,3,2,4,0,0,0,4,2,2,0,2,0,4,3,3,2,3,1,0,1,0,1,2,1,1,3,1,2,2,1,1,1,0,0,0,0,0,0,0,1,1,0,1,2,1,0,0,1,1,0,32.99
2,1,0,1,0,3,2,0,2,0,2,0,0,1,4,1,2,0,1,1,2,1,0,3,2,1,0,0,1,4,2,2,3,2,0,4,1,1,2,0,1,0,1,0,1,0,0,0,2,0,2,2,1,1,1,0,0,0,0,0,0,0,0,0,1,0,1,1,0,0,1,1,0,23.01
1,2,0,1,0,3,4,1,2,2,3,2,1,0,3,1,2,0,1,2,2,3,4,3,2,4,0,0,2,1,0,0,3,0,0,1,3,3,2,2,1,0,1,0,0,2,1,1,2,2,1,2,1,1,1,0,0,0,0,0,0,0,0,0,1,3,1,1,0,0,1,1,0,200.0
3,0,1,1,0,4,0,3,3,3,3,0,1,1,3,1,2,1,0,3,2,2,4,3,2,4,0,0,3,4,0,2,3,2,0,4,1,3,2,3,1,0,1,0,1,3,1,1,3,1,2,2,1,1,1,0,0,0,0,0,0,0,0,1,1,1,2,1,0,0,1,1,0,63.38
1,1,0,1,0,2,1,1,2,2,1,1,2,1,1,0,1,0,0,2,1,4,3,1,1,0,0,0,0,4,2,2,0,2,0,4,0,1,0,2,1,0,1,0,1,2,0,0,0,2,1,2,1,1,1,0,0,0,0,0,0,0,0,0,1,0,2,1,0,0,1,1,0,44.17
3,1,4,1,3,3,5,3,4,3,3,0,1,1,4,1,2,1,0,3,2,2,4,3,2,4,0,0,2,4,2,2,3,2,0,4,4,3,2,3,1,2,1,0,1,2,1,1,2,1,2,3,1,0,1,0,0,0,0,0,1,1,0,0,1,1,2,1,0,0,1,1,0,153.19
3,1,4,1,3,3,5,2,3,3,3,3,1,1,2,1,2,1,0,3,2,3,4,3,2,4,0,0,2,4,2,2,0,2,0,4,0,3,2,3,1,3,1,0,1,2,1,1,3,1,2,2,1,2,1,0,0,0,0,0,1,0,0,0,1,1,2,1,0,0,1,1,0,145.41
3,3,4,1,4,3,3,2,0,3,1,0,1,1,2,1,2,1,0,3,2,3,4,3,2,4,0,0,0,4,2,2,3,2,0,4,1,3,2,3,1,0,1,0,1,3,1,1,3,1,2,2,1,1,1,0,0,0,0,1,0,0,0,0,1,1,2,1,1,1,1,1,0,200.0
3,1,4,1,2,3,1,1,0,3,1,0,1,1,4,1,2,1,0,3,2,1,4,3,2,4,0,0,5,4,2,2,3,2,0,4,3,3,2,3,1,0,1,0,1,2,1,1,2,1,2,2,1,1,1,0,0,0,0,0,0,0,0,0,1,1,2,1,0,0,1,1,0,50.81
4,2,0,1,0,1,2,0,3,0,2,1,1,1,4,0,0,1,0,0,2,2,1,1,0,2,0,0,3,1,0,2,0,0,0,3,0,2,0,0,1,0,1,0,1,2,1,1,0,0,1,2,1,1,1,0,0,0,0,0,0,0,0,0,1,1,0,1,0,0,1,1,0,30.19
3,0,4,1,0,1,1,2,3,3,3,0,1,1,3,1,2,1,0,3,2,2,4,3,2,4,0,0,1,4,2,2,3,2,0,4,0,3,2,3,1,0,1,0,1,2,1,1,3,1,2,1,1,0,1,0,0,0,0,0,0,0,0,1,1,1,2,1,0,0,1,1,0,129.13
3,3,4,2,1,4,4,3,2,3,2,1,1,1,1,1,2,1,0,3,2,3,4,3,2,4,2,0,0,4,2,2,0,2,0,4,3,3,2,3,1,0,1,0,1,2,1,1,3,1,2,2,1,1,1,0,0,0,0,0,0,0,0,1,1,3,2,1,0,0,1,1,0,200.0
3,0,1,1,0,3,1,3,4,3,3,1,1,1,3,1,2,0,0,3,2,2,4,3,2,4,1,0,5,4,2,2,1,2,0,4,4,3,2,3,1,2,1,0,1,1,1,1,1,1,2,3,1,1,1,0,0,0,0,0,0,0,0,0,1,1,2,1,0,0,1,1,0,116.05
2,2,0,1,0,3,1,1,4,1,1,0,2,0,1,1,0,0,0,2,1,2,3,1,0,2,0,0,5,4,2,0,0,1,0,0,1,1,2,2,1,3,1,1,1,1,1,1,1,0,0,2,1,1,1,0,0,0,0,0,0,0,0,0,1,0,0,1,0,0,1,1,0,57.5
3,2,4,1,0,3,2,3,2,3,3,0,1,1,3,1,2,1,0,3,2,1,4,3,2,4,0,0,1,4,2,2,0,2,0,4,3,3,2,3,1,0,1,0,1,2,1,1,2,1,2,2,1,3,1,0,1,0,0,0,0,0,0,0,1,0,2,1,1,0,1,0,0,172.09
0,0,0,1,0,2,1,1,2,1,3,0,1,0,4,1,2,1,0,3,2,2,1,3,0,4,0,0,0,4,2,2,0,0,0,1,0,3,2,3,0,2,0,0,0,2,1,1,2,1,2,2,1,3,0,0,0,0,0,1,0,0,0,0,1,0,0,1,0,0,1,1,0,88.77
2,2,0,1,0,4,4,1,0,0,2,0,1,1,3,1,2,1,0,1,2,1,0,1,0,1,0,0,5,0,0,2,0,1,0,0,1,1,2,0,1,0,0,0,0,2,1,1,3,1,2,2,1,1,1,0,0,0,0,0,0,0,0,0,1,1,2,1,0,0,1,1,0,45.45
0,1,2,1,0,4,2,1,2,1,1,0,1,1,3,1,2,1,0,3,2,2,1,3,1,4,0,0,0,4,2,1,1,0,1,1,3,3,0,2,1,1,1,0,1,2,1,1,3,2,1,2,1,3,0,0,0,0,0,0,0,0,0,0,1,1,2,1,0,0,1,1,0,49.68
1,0,0,1,0,2,1,4,3,1,3,0,1,1,4,1,2,1,0,3,2,3,4,3,2,4,2,0,3,1,0,0,2,3,1,4,3,3,2,3,1,0,1,0,1,2,1,1,3,2,0,2,1,1,1,0,0,0,0,0,1,0,0,0,1,3,1,0,0,0,1,1,0,165.28
3,0,2,1,0,4,6,1,3,3,3,1,1,1,3,1,2,1,0,3,2,2,4,3,2,4,0,0,2,4,2,0,1,3,1,2,0,3,0,3,1,2,1,0,1,2,1,1,3,1,2,2,1,2,1,0,0,0,0,0,0,0,0,0,1,1,2,1,0,0,1,0,0,40.54
3,0,1,1,0,0,2,0,2,3,3,1,1,1,4,1,2,0,0,3,2,1,4,3,2,4,0,0,1,4,2,1,3,1,0,0,1,3,2,3,1,0,1,0,1,0,1,1,2,1,2,2,1,1,1,0,0,0,0,0,0,0,0,0,1,0,2,1,0,0,1,1,0,23.01
3,0,1,1,0,3,5,1,0,3,3,1,1,0,2,1,2,1,0,3,2,3,4,3,2,4,0,0,0,4,2,2,0,2,0,4,3,3,2,3,1,0,1,0,1,2,1,1,3,1,2,2,1,2,1,0,0,0,0,0,0,0,0,1,1,0,1,1,0,0,1,1,0,66.75
3,1,4,1,4,3,1,3,2,3,3,0,1,1,4,1,2,1,0,3,2,2,4,3,2,4,2,0,5,4,2,2,0,2,0,4,1,3,2,3,1,0,1,0,1,2,1,1,3,1,2,2,1,2,1,2,1,0,0,0,0,0,0,0,1,1,2,1,0,0,1,1,0,200.0
3,0,0,0,1,2,4,1,2,1,3,0,1,0,1,0,1,1,0,3,2,2,4,3,2,4,0,0,0,4,2,2,0,1,0,0,1,3,2,3,1,0,1,0,0,2,1,1,1,1,0,2,1,1,1,0,0,0,0,0,0,0,0,0,1,0,0,1,1,0,1,1,0,39.73
3,2,4,1,2,1,2,0,2,3,0,0,1,1,4,1,2,1,0,3,2,2,4,3,2,4,0,0,1,4,2,2,0,2,0,4,1,3,2,3,1,0,1,0,1,2,1,1,1,1,2,2,1,1,1,0,0,0,0,0,0,1,0,0,1,1,2,1,0,0,1,1,0,36.44
3,1,4,1,0,4,2,4,4,3,3,1,1,1,2,1,2,1,0,3,2,2,4,3,2,4,0,0,0,4,2,2,1,2,0,4,1,3,2,3,1,3,1,0,1,3,1,1,3,1,2,3,1,1,1,0,0,0,0,0,0,0,0,0,1,3,2,1,0,0,0,2,1,119.88
3,1,4,1,0,2,0,4,3,3,3,3,1,1,3,1,2,1,0,3,2,2,4,3,2,4,1,1,5,4,2,2,3,3,2,4,3,3,2,3,1,0,1,0,1,2,1,1,2,1,2,2,1,1,1,0,0,1,0,1,0,0,0,0,1,1,2,1,0,0,1,1,0,140.49
3,0,3,0,1,3,5,2,2,3,3,1,1,1,4,1,2,1,0,3,2,2,4,3,2,4,0,0,0,4,2,1,1,0,1,1,0,3,2,3,1,0,1,0,1,0,1,1,2,1,2,2,1,1,1,0,0,0,0,0,0,0,0,2,1,1,2,1,0,0,1,1,0,172.27
3,1,4,1,0,0,3,2,2,3,3,1,1,1,3,1,2,1,0,3,2,1,4,3,2,4,0,0,1,4,2,2,3,2,0,4,3,3,2,3,1,0,1,0,1,2,1,1,3,1,2,2,1,1,1,0,0,0,0,0,0,0,0,2,1,3,2,1,1,1,1,1,0,200.0
3,0,4,1,0,3,2,4,3,3,3,1,1,1,3,1,2,1,0,3,2,2,4,3,2,4,1,0,5,4,2,2,3,2,0,4,3,3,2,3,1,0,1,0,1,2,1,1,2,1,2,2,1,1,1,0,0,1,0,1,0,0,0,0,1,1,2,1,0,0,0,1,1,140.49
0,0,1,1,0,4,3,2,1,3,3,1,1,1,1,1,2,0,0,3,2,0,4,3,2,4,0,0,3,4,0,1,2,4,1,2,4,3,2,3,1,0,1,0,1,1,1,1,1,1,2,3,1,1,1,0,0,0,0,0,0,0,0,0,1,0,2,1,0,0,1,1,0,77.28
3,0,1,1,0,3,3,1,2,3,3,0,1,1,0,1,2,1,0,3,2,3,4,3,2,4,0,0,5,4,2,0,0,1,0,0,1,3,2,3,1,0,1,0,1,2,1,1,2,1,2,2,1,1,1,0,0,0,0,0,0,0,0,0,1,0,2,1,0,0,1,1,0,29.24
3,2,4,1,3,2,6,0,0,3,0,1,1,1,2,1,2,1,0,3,2,0,4,3,2,4,0,0,0,4,2,2,0,2,0,4,1,3,2,3,1,0,1,0,1,2,1,1,3,1,2,2,1,0,1,0,0,0,0,1,0,0,0,0,1,1,2,1,0,0,1,1,0,49.14
3,0,0,1,0,2,0,2,3,3,3,2,1,1,2,1,2,1,0,3,2,1,4,3,2,4,0,0,1,4,2,2,2,2,0,4,3,3,2,3,1,1,1,0,1,2,1,1,3,1,2,2,1,3,1,0,0,0,0,0,0,0,0,1,1,1,2,1,0,0,1,1,0,58.17
1,1,0,1,0,4,3,1,0,0,1,1,1,1,2,1,2,1,0,3,2,3,4,3,2,4,0,0,0,4,2,2,0,1,0,0,0,2,1,0,1,0,1,0,1,2,1,1,3,1,2,2,1,1,1,1,0,0,0,0,0,0,0,0,1,0,2,1,0,0,1,1,0,57.37
0,0,0,1,0,1,6,1,0,2,3,0,1,1,3,0,2,1,0,1,2,3,3,3,0,3,0,0,2,0,1,2,0,2,0,4,1,3,2,3,1,0,1,0,1,2,1,1,3,1,2,3,1,3,1,0,0,0,0,0,0,0,0,2,1,1,2,1,0,0,1,1,0,200.0
3,0,4,1,0,3,5,2,1,3,3,0,1,1,4,1,2,1,0,3,2,4,4,3,2,4,0,0,1,4,2,2,4,2,0,4,4,3,2,3,1,0,1,0,1,2,1,1,3,1,2,2,1,1,1,0,0,0,1,2,0,0,0,0,1,0,2,1,0,0,1,1,0,175.43
0,0,0,1,0,4,3,1,3,3,1,0,1,1,3,0,2,1,0,2,2,2,1,3,0,4,0,0,1,4,2,2,1,2,0,2,0,3,2,3,1,0,1,0,1,2,1,1,2,0,2,2,1,1,1,0,0,0,0,0,0,0,0,0,1,0,1,1,0,0,1,1,0,41.44
3,3,4,1,2,3,5,1,0,3,2,0,1,1,3,1,2,1,0,3,2,3,4,3,2,4,0,0,1,4,2,2,0,2,0,4,3,3,2,3,1,2,1,0,1,2,1,1,2,1,2,2,1,1,1,0,0,0,0,0,0,0,1,1,0,1,2,1,0,0,1,1,0,90.99
3,3,4,1,3,4,2,2,3,3,2,3,1,1,4,1,2,1,0,3,2,2,4,3,2,4,0,0,1,4,2,2,0,2,0,4,1,3,2,3,1,0,1,0,1,2,1,1,3,1,2,2,1,3,1,0,0,0,0,2,0,0,0,1,1,0,2,1,0,0,1,1,0,200.0
3,3,4,1,2,4,1,2,0,3,2,0,1,1,2,1,2,1,0,3,2,3,4,3,2,4,0,0,0,4,2,2,3,2,0,4,1,3,2,3,1,0,1,0,1,3,1,1,3,1,2,2,1,1,1,0,0,0,0,1,0,0,0,0,1,1,2,1,1,0,1,1,0,200.0
3,1,4,1,3,1,1,0,0,3,0,3,1,1,2,1,2,1,0,3,2,3,4,3,2,4,0,0,0,4,2,2,0,2,0,4,1,3,2,3,1,0,1,0,1,2,1,1,3,1,2,3,1,2,1,0,0,0,0,0,0,1,0,0,1,1,2,1,0,0,1,1,0,34.52
3,0,4,0,1,3,4,4,4,3,3,1,1,0,2,1,2,2,0,3,2,2,4,3,2,4,2,0,4,4,2,2,1,2,0,4,3,3,2,3,1,2,1,0,1,2,1,1,3,1,2,2,1,1,1,0,0,0,0,0,0,0,0,0,1,2,1,0,0,0,1,1,0,125.01
3,0,4,1,0,4,2,3,3,3,3,1,1,1,3,1,2,1,0,3,2,0,4,3,2,4,0,0,5,4,2,2,2,2,0,4,1,3,2,3,1,0,1,0,1,2,1,1,2,1,2,0,1,1,1,0,0,0,0,0,0,0,0,0,1,0,2,1,0,0,0,0,0,63.93
0,1,2,1,0,3,1,2,3,3,1,1,1,1,1,1,2,1,0,0,2,0,4,3,2,4,0,0,1,4,2,2,3,2,0,4,4,0,1,1,1,0,1,0,1,2,1,1,3,2,1,1,1,1,1,0,0,0,0,0,0,0,0,0,1,0,2,1,0,0,1,1,0,48.7
1,1,0,1,0,4,4,2,1,1,1,2,0,1,1,1,2,0,0,0,2,0,4,0,1,3,0,0,3,2,0,2,2,2,1,3,4,3,1,3,1,0,1,0,1,1,0,2,1,1,0,3,1,1,1,0,0,0,0,0,0,0,0,0,1,0,1,1,0,0,1,1,0,77.28
3,0,4,1,0,4,0,1,3,3,3,1,1,1,4,1,2,1,0,3,2,2,4,3,2,4,0,0,1,4,2,2,0,2,0,4,3,3,2,3,1,0,1,0,1,2,1,1,1,1,2,1,1,1,1,0,0,0,0,0,1,0,0,1,1,3,2,1,0,0,1,1,0,93.65
0,0,2,1,0,2,6,2,3,1,3,1,1,1,1,1,2,1,0,3,2,0,4,3,2,4,0,0,1,4,2,1,3,4,0,3,4,1,1,1,1,0,1,0,1,2,1,1,3,1,2,1,1,1,1,0,0,0,0,0,0,0,0,0,1,0,2,1,0,0,1,1,0,48.7
3,0,4,1,0,0,2,1,0,3,3,2,1,1,2,1,2,1,0,3,2,3,4,3,2,4,0,0,0,4,2,2,0,2,0,4,1,3,2,3,1,0,1,0,1,2,1,1,3,1,2,2,1,0,1,0,0,0,0,0,0,0,0,0,1,1,2,1,0,0,1,1,0,27.97
2,3,2,1,0,4,0,1,2,0,3,0,1,1,3,2,0,1,0,0,0,2,0,2,0,1,0,0,5,3,0,2,0,0,0,3,3,3,2,3,0,1,2,1,2,2,1,1,2,2,1,2,1,1,1,0,0,0,0,0,0,0,0,0,1,1,2,1,1,0,1,1,0,162.31
3,0,1,1,0,2,0,1,0,1,0,1,1,1,1,1,2,1,0,0,2,3,4,3,2,4,0,0,0,1,2,2,0,0,0,3,3,3,2,3,1,0,1,0,1,2,1,1,3,0,2,2,1,0,1,0,0,0,0,0,0,0,0,0,1,1,2,1,0,0,1,1,0,20.21
3,0,1,1,0,3,3,3,3,3,3,1,1,1,3,1,2,1,0,2,2,2,4,3,2,4,0,0,3,4,0,2,3,2,0,4,1,3,2,3,1,0,1,0,1,3,1,1,3,1,2,2,1,1,1,0,0,0,0,0,0,0,0,1,1,1,2,1,0,0,1,1,0,63.38
3,0,0,1,0,4,4,2,0,3,3,1,1,1,2,1,2,1,0,3,2,3,3,0,0,0,0,0,0,4,2,2,3,3,0,2,1,3,2,3,1,0,1,0,1,3,1,1,3,1,2,2,1,1,1,0,0,0,0,1,0,0,0,0,1,1,2,1,1,0,1,1,0,200.0
3,1,4,1,0,2,0,1,0,3,1,1,1,1,2,1,2,1,0,3,1,3,0,2,1,1,0,0,0,4,2,2,0,2,0,4,0,3,2,3,1,0,1,0,1,2,1,1,3,1,2,2,1,1,1,1,0,0,0,0,0,0,0,0,1,0,2,1,0,0,1,1,0,57.37
0,0,0,1,0,4,1,1,3,1,3,2,2,1,4,1,2,1,0,3,2,2,4,3,2,4,0,0,0,4,2,2,0,2,0,4,4,1,1,1,1,2,1,0,1,0,0,2,2,1,2,3,1,1,1,0,0,0,0,0,0,0,0,1,1,1,2,1,0,0,1,1,0,200.0
1,1,0,1,0,3,4,1,2,2,1,1,2,1,4,0,0,1,0,3,0,2,2,0,0,2,0,0,0,4,2,2,1,2,0,4,0,0,1,1,1,0,1,0,1,2,0,0,2,1,2,2,1,1,1,0,0,0,0,0,0,0,0,0,1,3,2,1,0,0,1,1,0,50.31
2,2,0,1,0,1,2,1,3,2,1,0,2,1,4,0,0,1,0,3,0,2,2,2,1,2,0,0,3,1,0,2,0,2,0,4,3,1,2,0,1,0,1,0,1,2,0,0,2,0,2,3,0,1,1,0,0,1,0,0,0,0,0,0,1,1,0,1,0,0,1,1,0,65.2
2,1,0,1,0,2,0,2,3,2,3,1,1,0,4,0,0,1,0,1,2,2,1,3,0,3,0,0,1,3,1,2,0,1,0,0,1,3,2,3,1,0,0,0,0,2,1,1,3,1,2,2,1,3,1,0,0,0,0,2,0,0,0,1,1,0,1,1,0,0,1,1,0,200.0
3,0,1,1,0,1,1,1,3,3,3,0,1,1,4,1,2,1,0,3,2,2,4,3,2,4,0,0,1,4,2,1,4,3,1,2,3,3,2,3,1,3,1,0,1,0,1,1,3,1,2,2,1,1,1,0,0,0,0,0,0,0,0,1,1,0,2,1,0,0,1,1,0,64.54
3,3,4,1,4,3,3,1,0,3,2,1,1,1,2,1,2,1,0,3,2,3,4,3,2,4,0,0,0,4,2,2,0,2,0,4,1,3,2,3,1,0,1,0,1,2,1,1,3,1,2,2,1,1,1,0,0,0,0,0,0,0,0,1,1,1,2,1,0,0,1,1,0,67.1
3,0,0,1,0,3,1,1,2,3,3,2,1,1,3,1,2,0,0,3,2,1,4,3,2,4,0,0,2,4,2,0,1,3,1,2,3,3,2,3,1,3,1,0,1,2,1,1,3,1,2,2,1,1,1,0,0,0,0,0,0,0,0,0,1,1,2,1,0,0,1,1,0,32.58
0,0,0,1,0,0,0,0,1,0,2,1,0,1,3,0,2,1,0,1,2,1,0,3,2,1,0,0,0,3,2,2,0,2,0,4,3,3,2,3,1,0,1,0,0,0,0,0,2,0,2,2,1,1,1,0,0,0,0,0,0,0,0,0,1,1,2,1,0,0,1,1,0,15.14
0,1,2,1,0,2,4,0,1,0,1,1,1,1,2,1,2,1,0,3,1,3,0,1,0,1,0,0,0,4,2,2,0,2,0,4,1,0,0,0,1,0,1,0,1,2,1,1,3,1,2,2,1,1,1,0,0,0,0,0,0,0,0,0,1,1,2,1,0,0,1,1,0,41.96
3,0,4,1,0,3,1,4,3,3,3,2,1,1,3,1,2,1,0,3,2,2,4,3,2,4,1,0,5,4,2,2,3,3,2,2,3,3,2,3,1,0,1,0,1,2,1,1,2,1,2,2,1,1,1,0,0,1,0,1,0,0,0,0,1,1,2,1,0,0,1,1,0,140.49
3,0,4,1,0,3,5,3,2,3,3,3,1,1,2,1,2,1,0,3,2,2,4,3,2,4,0,0,0,4,2,2,3,2,0,4,0,3,2,3,1,0,1,0,1,2,1,1,3,1,2,2,1,1,1,0,0,0,0,0,0,0,0,0,1,1,2,1,1,0,1,1,0,70.48
1,1,1,1,0,3,2,1,3,1,1,1,1,1,2,1,2,1,0,3,1,3,0,2,0,1,0,0,4,0,0,1,3,1,0,0,1,3,0,3,1,0,1,0,1,2,1,1,3,1,2,3,1,0,1,0,0,0,0,0,1,0,0,0,1,3,2,1,0,0,1,1,0,71.66
3,1,4,1,3,1,3,1,2,3,1,0,1,1,0,1,2,1,0,3,2,4,4,3,2,4,0,0,0,4,2,2,0,2,0,4,4,3,2,3,1,0,1,0,1,2,1,1,3,1,2,2,1,1,1,0,0,0,0,0,0,0,0,0,1,1,2,1,0,0,1,1,0,32.64
2,2,0,1,0,3,1,1,3,2,0,0,0,1,4,0,0,1,0,0,0,2,2,2,1,1,0,0,0,4,2,2,3,2,0,4,0,0,0,2,1,0,1,0,0,1,0,2,2,1,2,2,1,1,1,0,0,0,0,0,0,0,0,0,1,1,2,1,0,0,1,1,0,43.38
3,0,3,1,0,0,1,2,3,3,3,1,1,1,1,2,1,1,0,3,2,0,4,3,2,4,0,0,1,4,2,2,3,2,0,4,4,3,2,3,1,0,1,0,1,2,1,1,3,1,2,1,0,1,1,0,0,0,0,0,0,0,0,0,1,0,2,1,0,0,1,1,0,48.7
3,0,3,1,0,3,5,4,4,3,3,1,1,1,2,1,2,2,0,3,2,2,4,3,2,4,2,0,4,4,0,2,1,2,0,4,3,3,2,3,1,2,1,0,1,2,1,1,3,1,2,2,1,1,1,0,0,0,0,0,0,0,0,0,1,2,2,1,0,0,1,1,0,125.01
3,3,4,1,2,3,4,0,1,3,2,0,1,1,3,1,2,1,0,3,2,1,4,3,2,4,0,0,0,4,2,2,0,2,0,4,3,3,2,3,1,0,1,0,1,2,1,1,3,1,2,2,1,1,1,0,0,0,0,0,0,0,1,1,0,1,2,1,0,0,1,1,0,57.040000000000006
3,3,4,1,0,0,5,1,2,3,0,1,1,1,3,1,2,1,0,3,2,3,4,3,2,4,0,0,2,4,2,2,0,2,0,4,1,3,2,3,1,0,1,0,1,2,1,1,2,1,2,2,1,2,1,0,0,0,0,0,0,0,0,0,1,1,2,1,1,0,1,1,0,81.63
3,1,4,1,0,3,4,2,3,3,3,1,1,1,4,1,2,1,0,3,2,2,4,3,2,4,0,0,1,4,2,2,0,2,0,4,1,3,2,3,1,0,1,0,1,2,1,1,3,1,2,2,1,3,1,0,0,0,1,2,0,0,0,1,1,0,2,1,0,0,1,1,0,200.0
3,0,3,1,0,4,1,1,0,3,3,1,1,1,4,1,2,1,0,3,2,1,4,3,2,4,0,0,5,2,1,2,3,2,0,4,3,3,2,3,1,0,1,0,1,2,1,1,2,1,2,2,1,1,1,0,0,0,0,0,0,0,0,0,1,1,0,1,0,0,1,1,0,50.81
3,0,0,0,1,4,5,1,2,3,3,0,1,1,4,1,2,0,0,3,2,2,4,3,2,4,0,0,0,4,2,2,3,3,0,2,3,3,2,3,1,2,1,0,1,2,1,1,1,1,2,2,1,1,1,0,0,0,0,0,0,0,0,0,1,3,2,1,0,0,1,1,0,42.95
3,0,3,1,0,3,4,1,3,3,3,1,1,1,3,1,2,1,0,3,2,3,4,3,2,4,0,0,0,4,2,2,3,2,0,4,1,3,2,3,1,3,1,0,1,2,1,1,1,1,2,1,0,0,1,0,0,0,0,0,0,0,0,0,1,1,2,1,0,0,1,1,0,139.14
0,0,0,1,0,4,4,2,4,3,3,2,1,1,4,1,2,0,1,2,2,3,4,3,2,4,0,0,4,2,0,1,4,3,1,2,0,3,2,3,1,0,1,0,1,2,1,1,1,1,0,2,1,1,1,0,0,0,0,0,0,0,0,0,1,1,2,1,0,0,1,1,0,55.21
3,0,4,1,0,3,2,1,0,3,3,1,1,1,2,1,2,1,0,3,2,3,4,3,2,4,0,0,0,4,2,2,0,2,0,4,1,3,2,3,1,0,1,0,1,2,1,1,3,1,2,2,1,0,1,0,0,0,0,0,0,0,0,0,1,1,2,1,0,0,1,1,0,27.97
3,0,4,1,0,3,0,1,0,3,1,0,1,1,0,1,2,1,0,3,2,2,4,3,2,4,0,0,0,4,2,2,0,2,0,4,1,3,2,3,1,0,1,0,1,0,1,1,3,1,2,2,1,1,1,0,0,0,0,0,0,0,0,0,1,0,1,0,0,0,1,1,0,23.06
1,1,2,1,0,1,2,1,2,0,3,3,1,1,4,2,1,1,0,0,1,4,3,0,1,3,0,0,0,3,2,2,0,2,0,4,0,0,0,2,1,0,1,0,1,2,1,1,3,1,2,2,1,3,0,0,0,0,0,0,0,0,0,0,1,1,0,1,0,0,1,1,0,92.69
3,0,3,0,1,4,6,4,3,3,3,1,1,1,4,1,2,1,0,3,2,3,4,3,2,4,2,0,3,4,2,2,2,2,1,4,3,3,2,3,1,0,1,0,1,2,1,1,3,1,2,2,1,1,1,0,0,0,0,0,1,0,0,0,1,3,2,1,0,0,1,1,0,165.28
3,1,4,1,0,2,1,1,2,3,3,1,1,1,4,1,2,2,0,3,2,1,4,3,2,4,1,0,0,4,2,2,0,2,0,4,3,3,2,3,1,3,1,0,1,2,1,1,1,1,2,2,1,1,1,0,0,0,1,0,0,0,0,0,1,1,2,1,0,0,1,1,0,104.49
3,1,4,1,0,2,1,1,0,3,1,1,1,1,3,1,2,1,0,3,2,1,4,3,2,4,0,0,5,4,2,2,0,2,0,4,1,3,2,3,1,0,1,0,1,2,1,1,3,1,2,2,1,1,1,0,0,0,1,0,0,0,0,0,1,1,2,1,0,0,1,1,0,45.45
3,3,4,1,4,4,2,2,2,3,0,3,1,1,3,1,2,1,0,3,2,4,4,3,2,4,1,0,0,4,2,2,3,2,0,4,1,3,2,3,1,3,1,0,1,2,1,1,3,1,2,2,1,1,1,0,1,0,0,0,0,0,0,0,1,0,2,1,0,0,1,1,0,162.45
2,1,0,1,0,4,2,1,3,2,1,0,1,1,4,0,0,1,0,0,2,2,1,3,0,3,0,0,1,3,1,1,4,3,1,1,3,3,2,3,0,3,0,1,2,0,1,1,3,1,2,2,1,1,1,0,0,0,0,0,0,0,0,1,1,0,1,1,0,0,1,1,0,64.54
0,1,0,1,0,1,2,1,2,1,3,2,1,1,1,0,0,1,0,0,1,2,3,0,0,0,0,0,0,4,2,2,0,0,0,3,3,3,2,3,1,2,1,1,2,1,1,1,1,0,0,2,1,1,1,0,0,0,0,0,0,0,0,1,1,0,1,1,0,0,1,0,0,58.620000000000005
3,0,4,0,1,4,2,2,0,3,3,1,1,1,2,1,2,1,0,3,2,3,4,3,2,4,0,0,0,4,2,2,3,2,0,4,1,3,2,3,1,0,1,0,1,3,1,1,3,1,2,2,1,1,1,0,0,0,0,1,0,0,0,0,1,1,2,1,1,0,1,1,0,200.0
3,0,1,1,0,1,2,1,0,3,3,0,1,1,1,1,2,1,0,3,2,3,4,3,2,4,0,0,5,2,1,2,0,1,0,0,3,3,2,3,1,0,1,0,1,2,1,1,1,1,2,2,1,1,1,0,0,0,0,0,0,0,0,1,1,1,2,1,0,0,1,1,0,49.84
3,2,4,1,2,3,0,0,1,2,0,3,1,1,2,1,2,1,0,3,2,1,4,3,2,4,0,0,0,4,2,2,0,2,0,4,3,3,2,3,1,0,1,0,1,2,1,1,3,1,2,2,1,1,1,0,0,0,1,1,0,0,0,0,1,1,2,1,0,0,1,1,0,40.67
3,0,4,1,0,3,2,4,4,3,3,0,1,1,2,1,2,2,0,3,2,2,4,3,2,4,2,1,4,4,2,2,1,2,0,4,3,3,2,3,1,2,1,0,1,2,1,1,3,1,2,2,1,1,1,0,0,0,0,0,0,0,0,0,1,2,2,1,0,0,1,1,0,125.01
0,0,1,1,0,4,4,1,3,1,3,1,1,1,3,1,2,1,0,0,2,2,4,3,2,4,0,0,1,3,2,2,1,2,0,2,0,3,2,3,1,0,1,0,1,2,1,1,2,1,2,2,1,1,1,0,0,0,0,0,0,0,0,0,1,0,2,1,0,0,1,1,0,41.44
3,0,3,1,0,1,5,0,0,3,3,1,1,1,4,1,2,1,0,3,2,1,0,1,0,1,0,0,0,4,2,2,0,2,0,4,1,3,2,3,1,0,1,0,1,2,1,1,2,1,2,2,1,3,1,0,0,0,0,0,0,0,0,1,1,1,0,1,0,0,1,1,0,73.75
3,0,4,1,0,4,5,1,3,3,3,1,1,1,3,1,2,1,0,3,2,2,4,3,2,4,0,0,2,4,2,2,1,2,0,4,0,3,2,3,1,2,1,0,1,2,1,1,3,1,2,2,1,2,1,0,0,0,0,0,0,0,0,0,1,1,2,1,0,0,0,0,1,40.54
3,0,4,0,1,3,2,1,0,3,3,3,1,1,2,1,2,1,0,3,2,3,4,3,2,4,0,0,0,4,2,2,0,2,0,4,1,3,2,3,1,0,1,0,1,2,1,1,3,1,2,2,1,0,1,0,0,0,0,0,0,0,0,0,1,1,2,1,0,0,1,1,0,27.97
1,1,0,1,0,1,4,1,2,2,1,2,1,1,3,0,2,1,0,0,2,1,4,3,2,4,0,0,1,0,0,0,1,3,0,1,3,3,2,3,1,0,1,0,1,2,1,1,1,2,1,2,1,1,1,0,0,0,0,0,0,0,0,1,1,1,2,1,0,0,1,1,0,47.75
3,0,4,1,0,4,2,1,0,1,0,1,1,1,3,1,2,1,0,0,2,1,4,3,2,4,0,0,2,4,2,0,3,0,0,1,3,3,2,3,1,0,1,0,1,2,1,1,2,1,2,2,1,1,1,0,0,0,0,0,0,0,0,0,1,1,2,1,0,0,1,1,0,19.3
1,1,0,1,0,0,6,0,3,2,0,0,1,1,4,0,0,2,1,2,2,1,0,3,2,1,0,0,3,1,0,2,0,2,0,4,1,3,0,3,1,0,1,0,1,2,1,1,2,1,2,2,1,1,1,0,0,0,0,0,0,0,0,0,1,1,0,1,0,0,1,1,0,24.1
3,0,4,1,0,2,1,1,3,3,3,1,1,1,2,1,2,1,0,3,2,3,4,3,2,4,0,0,4,4,0,2,3,2,0,4,1,3,2,3,1,0,1,0,1,2,1,1,3,1,2,3,1,0,1,0,0,0,0,0,1,0,0,0,1,3,1,0,0,0,1,1,0,71.66
3,0,0,1,4,4,4,2,3,3,3,0,1,1,2,1,2,1,0,3,2,1,4,3,2,4,0,0,1,4,2,0,2,3,1,2,3,3,2,3,1,1,1,0,1,2,1,1,3,1,2,2,1,3,0,0,0,0,0,0,0,0,0,1,1,1,0,1,0,0,1,1,0,58.17
1,1,0,1,0,1,0,1,3,2,3,2,1,0,4,0,0,1,0,1,2,2,1,3,0,4,0,0,0,4,2,2,0,1,0,0,4,1,1,1,0,2,0,0,0,2,1,1,3,1,2,3,1,1,1,0,0,0,0,0,0,0,0,0,1,0,1,1,1,0,1,1,0,110.23
3,0,1,1,0,0,1,1,4,3,3,0,1,1,1,1,2,0,0,3,2,2,4,3,2,4,0,0,5,4,2,2,0,2,0,4,1,3,2,3,0,3,2,1,2,1,1,1,1,1,2,2,1,1,1,0,0,0,0,0,0,0,0,0,1,0,2,1,0,0,1,1,0,57.5
3,2,4,1,3,0,6,0,0,1,2,2,1,1,3,1,2,1,0,3,2,1,4,3,2,4,1,1,0,4,2,2,0,2,0,4,1,3,2,3,1,0,1,0,1,2,1,1,3,1,2,2,1,3,1,0,0,0,0,0,0,0,0,0,1,1,2,1,0,0,1,1,0,34.34
0,1,2,1,0,3,1,1,2,1,1,1,1,1,3,1,2,1,0,3,2,2,4,3,2,4,0,0,2,4,2,2,0,0,0,1,1,3,0,1,1,0,1,0,0,2,1,1,3,1,2,1,1,2,0,0,0,0,0,0,0,0,0,0,1,1,2,1,0,0,1,1,0,36.35
0,0,0,1,0,2,3,0,2,2,0,1,1,0,4,1,2,1,0,0,1,2,3,0,0,0,0,0,5,1,2,2,0,2,0,4,1,3,2,3,1,0,1,0,0,2,1,1,1,0,0,2,1,1,1,0,0,0,0,0,0,0,0,0,1,0,0,1,0,0,1,1,0,22.66
4,2,0,1,0,0,2,2,2,0,3,1,2,1,4,0,0,1,0,1,1,2,2,1,0,1,0,0,0,4,2,2,0,1,0,0,4,2,1,2,1,0,1,0,1,2,0,0,2,1,2,2,1,3,1,0,0,0,0,1,1,0,0,0,1,1,2,1,0,0,1,1,0,114.98
3,0,4,1,0,4,0,1,0,3,3,0,1,1,3,1,2,1,0,3,2,3,4,3,2,4,0,0,1,4,2,2,0,2,0,4,3,3,2,3,1,2,1,0,1,2,1,1,2,1,2,2,1,1,1,0,0,0,0,0,0,0,0,0,1,1,2,1,0,0,1,1,0,40.260000000000005
3,0,0,0,1,0,1,0,0,3,3,1,1,1,2,1,2,1,0,3,2,1,4,3,2,4,0,0,5,4,2,2,0,2,0,4,0,3,0,1,1,0,1,0,1,0,1,1,3,1,2,2,1,3,1,0,0,0,0,0,0,0,0,0,1,1,2,1,0,0,1,1,0,11.91
3,1,0,1,0,3,2,1,0,1,1,2,1,1,4,1,2,1,0,3,2,1,0,0,2,1,0,0,5,4,2,0,3,4,1,0,3,1,2,0,1,0,1,0,1,2,1,1,2,1,2,2,1,1,1,0,0,0,0,0,0,0,0,0,1,1,2,1,0,0,1,1,0,50.81
0,1,0,1,0,0,0,0,0,0,2,2,2,1,3,1,2,1,0,1,1,3,0,1,0,1,0,0,0,4,2,2,0,2,0,4,1,1,1,1,1,0,1,0,1,2,0,0,3,1,2,2,1,1,1,0,0,0,0,0,0,0,0,0,1,1,2,1,0,0,1,1,0,20.47
0,1,2,1,0,4,2,1,2,1,3,1,1,1,3,1,2,1,0,2,2,2,4,3,2,4,0,0,5,4,2,2,0,2,0,4,3,3,2,0,0,1,2,1,2,2,1,1,2,1,2,2,1,1,1,0,0,0,0,0,0,0,0,0,1,1,0,1,1,0,1,1,0,162.31
0,3,4,1,0,3,0,4,3,1,1,0,1,1,3,1,2,1,0,3,2,2,4,3,2,4,1,0,5,4,2,2,3,2,0,4,3,3,2,3,1,0,1,0,1,2,1,1,2,1,2,2,1,1,1,0,0,1,1,1,0,0,0,0,1,1,2,1,0,0,1,1,0,140.49
2,1,0,1,0,2,2,0,3,0,2,1,0,1,1,0,1,0,0,2,1,2,3,1,0,2,0,0,2,2,1,2,0,2,0,4,1,0,0,0,1,0,1,0,1,0,0,0,0,0,1,2,1,1,1,0,0,0,0,0,0,0,0,0,1,1,0,1,0,0,1,1,0,31.76
3,0,4,1,0,4,1,4,4,3,3,1,1,1,2,1,2,1,0,3,2,2,4,3,2,4,0,0,0,1,1,2,1,2,0,4,1,3,2,3,1,3,1,0,1,3,1,1,3,1,2,3,1,1,1,0,0,0,0,0,0,0,0,0,1,3,2,1,0,0,0,2,1,119.88
3,3,4,1,4,1,5,2,3,3,1,0,1,1,4,1,2,0,0,3,2,2,4,3,2,4,0,0,1,4,2,2,0,2,0,4,1,3,2,3,1,2,1,0,1,2,1,1,0,1,2,2,1,1,1,0,0,0,0,0,0,0,0,0,1,3,2,1,1,1,1,1,0,113.94
3,1,4,1,0,3,3,1,3,3,3,1,1,1,4,1,2,1,0,3,2,2,4,3,2,4,0,0,0,4,2,2,0,2,0,4,4,3,2,3,1,2,1,0,1,2,1,1,3,1,2,3,1,1,1,0,0,0,0,0,0,0,0,0,1,0,2,1,1,1,1,1,0,110.23
3,0,3,1,0,4,2,1,2,3,3,0,1,1,4,1,2,1,0,3,2,2,1,3,0,3,0,0,0,4,2,2,0,2,0,4,3,3,2,3,1,0,1,0,1,2,1,1,2,1,2,2,1,1,1,0,0,0,0,0,0,0,0,1,1,1,2,1,0,0,1,1,0,108.24
3,0,4,1,0,4,5,1,2,3,3,1,1,1,2,1,2,1,0,3,2,3,4,3,2,4,1,0,1,4,2,2,0,2,0,4,1,3,2,3,1,2,1,0,1,2,1,1,3,1,2,2,1,0,1,0,0,0,0,0,0,0,0,0,1,1,2,1,0,0,1,1,0,78.25999999999999
3,0,4,0,1,3,2,4,3,3,3,1,1,1,4,1,2,1,0,3,2,3,4,3,2,4,2,0,3,4,2,2,2,2,0,4,3,3,2,3,1,0,1,0,1,2,1,1,3,1,2,2,1,1,1,0,0,0,0,0,1,0,0,0,1,3,2,1,0,0,1,1,0,165.28
3,1,4,1,0,4,6,2,2,3,3,2,1,1,2,1,2,1,0,3,2,1,4,3,2,4,0,0,4,4,2,2,3,2,0,4,3,3,2,3,1,0,1,0,1,2,1,1,3,1,2,2,1,1,1,0,1,0,0,0,0,0,0,0,1,1,2,1,0,0,1,1,0,121.95
1,1,0,1,0,3,3,2,2,2,3,2,1,1,3,1,2,1,1,2,2,1,4,3,2,4,0,0,1,3,1,1,3,4,1,0,3,3,2,0,1,0,0,0,0,2,1,1,3,1,2,2,1,1,1,0,0,0,0,0,0,0,0,2,1,3,2,1,1,0,1,1,0,200.0
0,1,0,1,0,3,2,1,2,1,0,0,1,1,1,1,2,1,0,3,1,2,3,1,0,2,0,0,1,2,1,2,0,0,0,1,1,3,2,2,1,0,1,0,0,2,1,1,2,1,2,2,1,1,1,0,0,0,0,0,0,0,0,0,1,0,2,1,0,0,1,1,0,27.39
1,1,0,1,0,4,2,1,3,2,1,1,1,1,4,0,0,1,0,3,1,4,3,0,0,0,0,0,1,4,2,2,2,2,1,4,0,0,0,2,1,2,1,0,1,2,1,1,1,0,0,2,1,1,1,0,0,0,0,0,0,0,0,0,1,1,2,1,0,0,1,1,0,40.2
2,2,0,1,0,3,1,4,4,2,1,1,2,1,2,1,2,1,0,1,1,2,3,0,1,4,0,0,0,1,1,2,1,2,0,2,1,1,0,2,1,3,1,0,1,3,0,1,3,2,0,3,1,1,1,0,0,0,0,0,0,0,0,0,1,3,2,1,0,0,1,2,0,119.88
3,3,4,1,0,2,4,2,2,3,1,0,1,1,2,1,2,1,0,3,2,1,4,3,2,4,0,0,4,4,2,2,3,2,0,4,3,3,2,3,1,0,1,0,1,2,1,1,3,1,2,2,1,1,1,0,1,0,0,0,0,0,0,0,1,1,2,1,0,0,1,1,0,121.95
1,1,0,1,0,0,2,0,2,2,0,0,1,1,4,0,0,1,0,3,2,3,3,3,2,0,0,0,1,4,2,2,0,1,0,0,0,1,0,1,0,2,0,0,0,2,1,1,0,2,1,2,1,3,0,0,0,0,0,0,0,0,0,0,1,1,0,1,0,0,1,1,0,34.11
3,1,4,1,2,3,6,4,3,3,3,3,1,1,4,1,2,1,0,3,2,3,4,3,2,4,2,0,3,4,2,2,2,2,0,4,3,3,2,3,1,0,1,0,1,2,1,1,3,1,2,2,1,1,1,0,0,0,0,0,1,1,0,0,1,3,2,1,0,0,1,1,0,165.28
2,2,0,1,0,1,4,2,1,1,3,0,1,1,4,1,2,1,0,2,0,4,2,1,0,2,0,0,1,4,2,1,4,0,1,1,4,0,1,2,1,0,1,0,0,2,1,1,3,1,2,2,1,1,1,0,0,0,0,2,0,0,0,0,1,0,2,1,0,0,1,1,0,175.43
1,3,3,1,0,4,3,1,2,2,1,1,1,1,4,1,2,2,1,1,2,1,4,3,2,4,1,0,0,4,2,2,0,2,0,4,3,3,2,3,1,3,1,0,1,2,1,1,1,1,2,2,1,1,1,0,0,0,0,0,0,0,0,0,1,1,2,1,0,0,1,1,0,104.49
3,1,4,1,3,0,1,2,1,3,3,0,1,1,4,1,2,1,0,3,2,4,4,3,2,4,0,0,1,4,2,2,4,2,0,4,4,3,2,3,1,0,1,0,1,2,1,1,3,1,2,2,1,1,1,0,0,0,0,2,0,0,0,0,1,0,2,1,0,0,1,1,0,175.43
3,0,2,1,0,1,2,1,0,1,1,0,1,1,1,0,1,1,0,0,2,3,4,3,2,4,0,0,0,1,2,2,0,0,0,2,3,3,2,3,1,0,1,0,1,2,1,1,3,1,2,2,1,0,1,0,0,0,0,0,0,0,0,0,1,1,2,1,0,0,1,1,0,20.21
0,2,2,1,0,3,5,2,3,1,3,1,1,1,3,2,0,1,0,1,2,2,1,0,1,3,0,0,1,4,0,2,3,3,1,2,0,3,1,3,1,0,1,0,0,2,1,1,3,0,2,1,1,0,0,0,0,0,0,0,0,0,0,1,1,1,2,1,0,0,1,1,0,129.13
3,0,4,1,4,3,4,3,2,3,3,1,1,1,3,1,2,1,0,3,2,1,4,3,2,4,0,0,1,4,2,2,0,2,0,4,3,3,2,3,1,0,1,0,1,2,1,1,2,1,2,2,1,3,1,0,0,0,0,0,0,0,0,0,1,0,2,1,1,0,1,0,0,172.09
3,0,2,1,0,2,0,1,0,1,3,1,1,1,2,1,2,1,0,3,2,3,4,3,2,4,0,0,1,4,2,2,0,2,0,4,3,3,2,0,1,0,1,0,1,3,1,1,3,1,2,2,1,2,0,0,0,0,0,0,0,0,0,0,1,3,2,1,0,0,1,1,0,28.55
3,0,0,1,0,2,1,0,2,1,1,2,1,1,4,1,2,1,0,1,2,3,3,3,0,3,0,0,1,4,1,2,0,2,0,4,0,3,2,3,1,0,1,0,1,2,1,1,2,1,2,2,1,1,1,0,0,0,0,0,0,0,0,0,1,1,2,1,0,0,1,1,0,25.07
1,1,0,1,0,1,5,1,2,2,1,1,1,1,3,1,2,1,0,3,2,1,0,0,2,1,0,0,1,1,0,1,1,4,0,3,3,3,2,2,1,0,1,0,1,2,1,1,1,1,2,2,1,1,1,0,0,0,0,0,0,0,0,1,1,1,2,1,0,0,1,1,0,47.75
3,0,3,1,0,4,4,1,0,3,3,1,1,1,1,2,1,1,0,3,2,1,0,3,2,1,0,0,0,4,2,2,0,0,0,1,1,3,2,3,1,2,1,0,1,2,1,1,2,1,2,2,1,1,1,0,0,0,0,0,0,0,0,0,1,1,2,1,0,0,1,1,0,38.22
3,1,4,1,3,3,1,2,3,3,3,1,1,1,2,1,2,1,0,3,2,3,4,3,2,4,0,0,2,4,2,2,0,2,0,4,0,3,2,3,1,3,1,0,1,2,1,1,3,1,2,2,1,2,1,0,0,0,0,0,1,1,0,0,1,1,2,1,0,0,1,1,0,145.41
3,0,3,1,0,3,1,2,4,3,3,1,1,1,4,1,2,0,0,3,2,3,4,3,2,4,0,0,4,4,0,2,4,2,0,4,0,3,2,3,1,0,1,0,1,2,1,1,1,1,2,2,1,1,1,0,0,0,0,0,0,0,0,0,1,1,2,1,0,0,1,1,0,55.21
3,0,3,1,0,4,3,2,4,3,3,1,1,1,2,1,2,1,0,2,2,0,4,3,1,4,0,0,1,4,2,2,3,2,0,4,0,3,2,3,1,0,1,0,1,2,1,1,1,0,1,1,1,1,1,0,0,0,0,0,0,0,0,0,1,1,2,1,0,0,1,1,0,55.54
3,1,4,1,3,2,1,2,3,3,3,3,1,1,2,1,2,1,0,3,2,3,4,3,2,4,0,0,2,4,2,2,0,2,0,4,0,3,2,3,1,3,1,0,1,2,1,1,3,1,2,2,1,2,1,0,0,0,0,0,1,1,0,0,1,1,2,1,0,0,1,1,0,145.41
1,1,2,1,0,2,3,1,0,0,3,0,1,1,2,1,2,1,0,3,2,1,0,1,0,1,0,0,5,4,2,2,0,0,0,1,1,2,0,0,1,2,1,1,2,2,1,1,3,1,2,2,1,1,1,0,0,0,0,0,0,0,0,0,1,1,2,1,0,0,1,1,0,111.84
3,1,4,1,0,3,0,4,3,3,3,1,1,1,3,1,2,1,0,3,2,2,4,3,2,4,1,0,5,4,2,2,3,2,0,4,3,3,2,3,1,0,1,0,1,2,1,1,2,1,2,2,1,1,1,0,0,1,1,1,0,0,0,0,1,1,2,1,0,0,1,1,0,140.49
3,0,2,1,0,3,0,4,3,3,3,0,1,1,3,1,2,1,0,3,2,2,4,3,2,4,1,0,5,1,1,2,3,3,2,4,3,3,2,3,1,0,1,0,1,2,1,1,2,1,2,2,1,1,1,0,0,1,0,1,0,0,0,0,1,1,2,1,0,0,1,1,0,140.49
3,1,4,1,0,3,2,1,4,3,3,1,1,1,3,1,2,1,0,3,2,3,4,3,2,4,0,0,1,4,2,2,0,2,0,4,1,3,2,3,1,0,1,0,1,2,1,1,3,1,2,2,1,1,1,1,1,2,0,1,0,0,0,0,1,1,2,1,0,0,1,1,0,200.0
3,0,0,1,0,2,3,1,0,3,3,0,1,1,4,0,0,1,0,3,2,2,1,3,0,4,0,0,0,4,2,2,0,0,0,1,1,3,2,3,1,0,1,0,1,3,1,1,3,1,2,2,1,1,1,0,0,0,0,1,0,0,0,0,1,0,2,1,0,0,1,1,0,53.62
3,2,4,1,3,4,1,0,1,0,2,0,1,1,2,1,2,1,0,3,2,1,4,3,2,4,0,0,0,4,2,2,0,2,0,4,3,3,2,3,1,0,1,0,1,2,1,1,3,1,2,2,1,1,1,0,0,0,0,0,0,0,1,1,0,1,2,1,0,0,1,1,0,23.98
3,0,4,1,0,3,4,4,4,3,3,1,1,1,2,1,2,1,0,3,2,2,4,3,2,4,0,0,0,4,2,2,1,2,0,4,1,3,2,3,1,3,1,0,1,3,1,1,3,1,2,3,1,1,1,0,0,0,0,0,0,0,0,0,1,3,2,1,0,0,1,2,0,119.88
3,1,4,1,3,2,1,1,2,3,1,0,1,1,4,1,2,1,0,3,2,3,4,3,2,4,0,0,0,4,2,2,0,2,0,4,4,3,2,3,1,0,1,0,1,2,1,1,1,1,2,2,1,0,1,0,0,0,0,0,0,0,0,0,1,0,2,1,0,0,1,1,0,31.04
3,3,4,1,0,4,4,2,3,3,3,0,1,1,4,1,2,1,0,3,2,2,4,3,2,4,0,0,1,4,2,2,0,2,0,4,1,3,2,3,1,0,1,0,1,2,1,1,3,1,2,2,1,3,1,0,0,0,1,2,0,0,0,1,1,0,2,1,0,0,1,1,0,200.0
3,0,4,1,0,4,3,3,2,3,3,1,1,1,3,1,2,1,0,3,2,1,4,3,2,4,0,0,1,4,2,2,0,2,0,4,3,3,2,3,1,0,1,0,1,2,1,1,2,1,2,2,1,3,1,0,0,0,0,0,0,0,0,0,1,0,2,1,1,0,0,0,1,172.09
3,1,4,1,0,3,3,4,3,3,3,1,1,1,4,1,2,1,0,3,2,3,4,3,2,4,2,0,3,4,2,2,2,2,0,4,3,3,2,3,1,0,1,0,1,2,1,1,3,1,2,2,1,1,1,0,0,0,0,0,1,0,0,0,1,3,2,1,0,0,1,1,0,165.28
3,0,4,1,0,2,5,1,0,3,3,1,1,1,2,1,2,1,0,3,2,3,4,3,2,4,0,0,0,4,2,2,0,2,0,4,1,3,2,3,1,0,1,0,1,2,1,1,3,1,2,2,1,0,1,0,0,0,0,0,0,0,0,0,1,1,2,1,0,0,0,1,1,61.17
0,1,2,1,0,0,1,0,2,2,1,1,1,1,3,1,2,1,0,3,2,4,4,3,2,4,0,0,1,3,0,2,0,2,0,4,1,3,2,3,1,0,1,0,1,2,1,1,3,1,2,2,1,0,0,0,0,0,0,0,0,0,0,0,1,1,2,1,0,0,1,1,0,31.94
0,0,0,1,0,4,4,3,2,1,3,2,1,1,4,1,2,0,1,3,2,1,4,3,2,4,1,0,2,3,0,2,0,2,0,4,1,3,2,3,1,0,1,0,1,2,1,1,2,1,2,2,1,1,1,0,0,0,0,0,0,0,0,0,1,1,2,1,0,0,1,1,0,69.44
0,1,2,1,0,0,4,0,2,1,0,1,1,1,3,2,0,1,0,1,1,2,2,1,1,0,0,0,0,4,2,2,0,2,0,4,0,3,2,3,0,3,2,1,2,2,1,1,3,2,1,2,1,0,1,0,0,0,0,0,0,0,0,0,1,1,2,1,0,0,1,1,0,36.58
3,0,4,1,0,3,5,1,0,3,3,1,1,1,3,1,2,1,0,3,2,1,4,3,2,4,0,0,5,4,2,2,3,2,0,4,3,3,2,3,1,3,1,0,1,2,1,1,3,1,2,2,1,1,1,0,0,0,0,0,0,0,0,1,1,1,2,1,0,0,0,0,1,92.82
0,0,0,1,0,2,1,0,2,1,3,0,1,1,4,1,2,0,0,3,2,1,4,3,2,4,0,0,1,3,1,2,3,2,0,4,1,3,2,3,1,0,1,0,1,0,1,1,2,1,2,2,1,1,1,0,0,0,0,0,0,0,0,0,1,0,1,1,0,0,0,1,0,23.01
3,0,3,1,0,2,4,1,2,3,3,0,1,1,4,1,2,0,0,3,2,2,4,3,2,4,0,0,1,4,1,2,0,2,0,4,1,3,2,3,1,0,1,0,1,0,1,1,1,1,2,2,1,1,1,0,0,0,0,0,0,0,0,0,1,1,2,1,0,0,1,1,0,29.380000000000003
3,0,4,1,0,3,4,3,3,3,3,3,1,1,4,1,2,1,0,3,2,2,4,3,2,4,0,0,1,4,2,2,0,2,0,4,0,3,2,3,1,2,1,0,1,2,1,1,2,1,2,3,1,2,1,0,0,0,0,0,0,0,0,0,1,1,2,1,0,0,1,1,0,74.71000000000001
0,1,1,1,0,3,1,0,2,1,1,1,2,1,3,1,2,1,0,3,2,2,1,1,1,2,0,0,0,4,2,2,0,2,0,4,0,2,0,2,1,3,1,0,1,2,0,0,3,1,2,2,1,0,1,0,0,0,0,0,0,0,0,0,1,1,2,1,0,0,1,1,0,36.58
3,1,4,1,0,3,6,4,4,3,3,1,1,1,2,1,2,2,0,3,2,2,4,3,2,4,2,0,4,4,2,2,1,2,0,4,3,3,2,3,1,2,1,0,1,2,1,1,3,1,2,2,1,1,1,0,1,0,0,0,0,0,0,0,1,2,2,1,0,0,1,1,0,125.01
1,1,0,1,0,0,0,0,3,2,0,1,1,1,4,0,0,1,0,0,1,2,2,0,0,0,0,0,3,1,0,2,0,0,0,1,0,3,2,3,1,0,1,0,1,2,1,1,0,2,1,2,1,1,1,0,0,0,0,0,0,0,0,0,1,1,2,1,0,0,1,1,0,30.19
3,0,0,1,0,2,1,1,0,1,3,0,1,1,0,1,0,1,0,3,2,2,4,3,2,4,0,0,0,3,2,2,0,2,0,4,1,3,2,3,1,0,1,0,0,0,1,1,3,1,2,2,1,1,1,0,0,0,0,0,0,0,0,0,1,0,2,1,0,0,1,1,0,23.06
3,0,1,1,0,4,5,1,0,1,1,1,1,1,4,1,0,1,0,3,1,3,0,0,2,1,0,0,1,1,1,2,0,2,0,4,1,3,2,3,1,0,1,0,1,2,1,1,3,1,2,2,1,0,1,0,0,0,0,0,0,0,0,0,1,0,2,1,0,0,1,1,0,20.2
3,0,0,1,0,4,1,1,0,3,3,0,1,1,2,1,2,1,0,3,2,3,4,3,2,4,0,0,1,4,2,2,3,3,0,2,3,3,2,3,1,0,1,0,1,2,1,1,3,2,0,2,1,1,1,0,0,0,0,2,0,0,0,0,1,1,2,1,0,0,1,1,0,154.93
0,0,0,1,0,1,1,1,2,2,1,1,1,1,0,0,0,1,0,3,1,4,3,0,0,3,0,0,0,3,2,2,0,2,0,4,4,1,0,1,1,0,1,0,1,2,1,1,3,1,2,2,1,1,1,0,0,0,0,0,0,0,0,0,1,1,2,1,0,0,1,1,0,32.64
3,0,2,1,0,3,3,3,2,3,3,2,1,1,3,1,2,1,0,0,2,1,4,3,2,4,0,0,1,4,2,2,0,2,0,4,3,3,2,3,1,0,1,0,1,2,1,1,2,2,1,2,1,3,1,0,0,0,0,0,0,0,0,0,1,0,2,1,1,0,1,0,0,172.09
0,0,3,1,0,3,6,2,4,3,3,1,1,1,2,1,2,1,0,3,2,0,4,3,1,4,0,0,1,4,2,2,3,2,0,4,0,0,1,2,1,0,1,0,1,2,1,1,1,1,2,1,0,1,1,0,0,0,0,0,0,0,0,0,1,1,2,1,0,0,1,1,0,55.54
3,0,2,1,0,3,6,1,0,1,1,0,1,1,1,2,1,1,0,3,2,3,4,3,2,4,0,0,0,4,2,2,0,2,0,4,3,3,2,3,1,0,1,0,1,2,1,1,3,1,2,2,1,0,0,0,0,0,0,0,0,0,0,0,1,1,2,1,0,0,1,1,0,20.21
3,0,0,1,0,4,5,1,2,3,1,2,1,1,3,1,2,0,1,0,2,1,4,3,2,4,0,0,2,4,2,0,1,3,1,2,3,3,2,0,1,3,1,0,1,2,1,1,3,1,2,2,1,1,1,0,0,0,0,0,0,0,0,0,1,1,2,1,0,0,1,1,0,32.58
3,2,4,1,0,3,0,1,2,3,1,1,1,1,4,1,2,1,0,3,2,2,4,3,2,4,0,0,0,4,2,2,0,2,0,4,0,3,2,3,1,2,1,0,1,2,1,1,2,1,2,2,1,3,1,0,0,0,0,1,0,0,0,0,1,0,2,1,0,0,0,1,1,88.77
0,0,0,1,0,4,5,2,2,1,3,0,1,1,4,0,0,1,0,3,2,2,1,3,0,4,0,0,0,4,2,2,0,2,0,4,4,1,1,1,1,0,1,0,1,2,1,1,2,1,2,2,1,3,0,0,0,0,0,1,1,0,0,0,1,1,2,1,0,0,1,1,0,114.98
2,1,0,1,0,2,1,2,1,1,3,1,0,1,4,0,0,1,0,3,2,2,1,0,1,0,2,0,0,4,2,2,3,2,0,4,2,2,1,1,1,2,1,0,1,1,0,2,1,1,2,2,1,1,1,0,0,0,0,0,0,0,0,0,1,0,2,1,0,0,1,2,0,102.47
2,1,0,1,0,4,3,1,2,0,1,0,1,1,3,0,2,1,0,1,2,1,0,3,2,1,0,0,1,3,1,2,0,2,0,4,1,0,0,0,1,0,1,0,1,2,1,1,2,0,2,2,1,3,0,0,0,0,0,0,0,0,0,0,1,2,2,1,0,0,1,0,0,44.87
2,1,2,1,0,0,5,1,0,0,2,1,1,1,2,1,2,1,0,3,1,3,0,1,0,1,0,0,0,1,1,2,0,2,0,4,1,2,0,0,1,0,1,0,1,2,1,1,3,1,2,2,1,0,0,0,0,0,0,0,0,0,0,0,1,1,2,1,0,0,1,1,0,27.97
0,0,0,1,0,4,5,1,0,2,3,0,1,1,2,1,2,1,0,3,2,3,4,3,2,4,0,0,1,3,1,2,3,3,0,2,3,3,2,3,1,0,1,0,1,2,1,1,3,1,2,2,1,1,1,0,0,0,0,2,0,0,0,0,1,1,2,1,0,0,1,1,0,154.93
2,2,2,1,0,1,5,0,0,0,2,0,1,1,2,1,2,1,0,3,0,4,0,1,0,1,0,0,0,4,2,2,0,1,0,0,0,0,0,0,0,2,0,1,0,2,1,1,3,1,2,2,1,0,0,0,0,0,0,0,0,0,0,0,1,1,2,1,0,0,1,1,0,18.77
3,0,2,1,0,4,5,2,2,1,3,2,1,1,3,1,2,1,0,1,2,1,4,3,2,4,0,0,1,4,0,2,3,2,0,4,1,3,1,3,1,0,0,0,0,2,1,1,3,1,2,2,1,1,1,0,0,0,0,0,0,0,0,1,1,1,2,1,0,0,1,1,0,88.08
3,1,4,1,2,3,4,0,1,1,2,0,1,1,2,1,2,1,0,3,2,1,4,3,2,4,0,0,0,4,2,2,0,2,0,4,3,3,2,3,1,0,1,0,1,2,1,1,3,1,2,2,1,1,1,0,0,0,0,1,0,0,0,0,1,1,2,1,0,0,1,1,0,17.16
3,2,4,1,2,0,2,1,0,3,0,1,1,1,4,1,2,1,0,3,2,1,4,3,2,4,0,1,5,4,2,2,3,2,0,4,3,3,2,3,1,0,1,0,1,2,1,1,2,1,2,2,1,1,1,0,0,0,0,0,0,0,0,0,1,1,2,1,0,0,1,1,0,50.81
3,0,0,1,0,4,1,1,3,3,3,3,2,1,3,1,2,1,0,3,2,4,4,3,2,4,0,0,5,4,2,2,3,2,0,4,0,3,1,3,1,0,1,0,1,1,1,1,2,1,2,2,1,1,1,0,0,0,0,0,0,0,0,0,1,1,2,1,0,0,1,1,0,68.3
3,0,4,0,1,1,4,1,0,3,3,1,1,1,2,1,2,1,0,3,2,3,4,3,2,4,0,0,0,4,2,2,0,2,0,4,1,1,2,2,1,0,1,0,1,2,1,1,3,1,2,2,1,0,1,0,0,0,0,0,0,0,0,0,1,1,2,1,0,0,1,1,0,61.17
1,1,0,1,0,2,0,2,0,0,3,1,2,1,2,1,2,1,0,3,2,3,3,0,0,0,0,0,0,4,2,2,3,3,0,1,1,0,0,0,1,0,1,0,0,3,0,1,3,1,2,2,1,1,1,0,0,0,0,1,0,0,0,0,1,1,2,1,1,0,1,1,0,200.0
0,0,0,1,0,3,2,1,0,2,3,0,1,1,1,1,0,1,0,2,2,3,3,3,2,0,0,0,5,4,2,2,0,2,0,4,3,3,2,3,1,0,1,0,1,2,1,1,1,0,0,2,1,1,1,0,0,0,0,0,0,0,0,1,1,1,2,1,0,0,1,1,0,49.84
3,1,4,1,2,3,0,0,1,1,0,3,1,1,2,1,2,1,0,3,2,1,4,3,2,4,0,0,0,4,2,2,0,2,0,4,3,3,2,3,1,0,1,0,1,2,1,1,3,1,2,2,1,1,1,0,0,0,0,1,0,0,0,0,1,1,2,1,0,0,1,1,0,40.67
0,1,2,1,0,3,1,1,2,1,3,1,1,1,4,1,2,1,0,3,2,0,4,3,2,4,0,0,0,1,1,2,0,0,2,4,1,3,2,3,0,1,2,1,2,2,1,1,2,1,2,2,1,0,0,0,0,0,0,0,0,0,0,0,1,1,2,1,0,0,1,1,0,70.78
0,1,2,1,0,0,6,1,2,1,1,0,1,1,4,0,1,1,0,3,0,0,2,2,1,0,0,0,0,1,1,2,0,2,0,4,1,3,1,3,1,1,0,1,1,2,1,1,2,1,2,2,1,0,1,0,0,0,0,0,0,0,0,0,1,1,2,1,0,0,1,1,0,70.78
3,1,3,1,0,3,0,2,0,3,3,1,2,1,2,1,2,1,0,3,2,3,4,3,2,4,0,0,0,4,2,2,3,2,0,4,1,3,2,3,1,0,1,0,1,3,0,0,3,1,2,2,1,1,1,0,0,0,0,1,0,0,0,0,1,1,2,1,1,0,1,1,0,200.0
3,0,4,1,0,3,0,2,3,3,3,0,1,1,2,1,2,1,0,3,2,1,4,3,2,4,0,0,1,2,0,2,2,2,0,4,3,3,2,3,1,1,1,0,1,2,1,1,3,1,2,2,1,3,1,0,0,0,0,0,0,0,0,1,1,1,2,1,0,0,1,1,0,58.17
3,0,3,1,0,2,0,2,4,3,3,0,1,1,2,1,2,1,0,3,2,0,4,3,2,4,0,0,1,4,2,2,3,2,0,4,0,3,2,3,1,0,1,0,1,2,1,1,1,1,2,1,1,1,1,0,0,0,0,0,0,0,0,0,1,1,2,1,0,0,1,1,0,55.54
1,2,2,1,0,1,4,0,0,0,0,1,1,1,2,1,2,1,0,3,0,0,0,2,0,1,0,0,0,4,2,2,0,1,0,0,1,2,0,0,1,0,1,0,1,2,1,1,3,1,2,2,1,0,0,0,0,0,0,1,0,0,0,0,1,1,2,1,0,0,1,1,0,49.14
3,1,4,1,0,4,2,3,4,3,3,2,1,1,3,1,2,0,0,3,2,2,1,2,1,0,1,0,5,0,1,2,1,2,0,4,4,3,2,3,1,2,1,0,1,1,1,1,1,1,2,3,1,1,1,0,0,0,0,0,0,0,0,0,1,1,2,1,0,0,1,1,0,116.05
3,0,2,1,0,3,5,2,2,3,3,0,1,1,3,1,2,1,0,3,2,2,4,3,2,4,0,0,1,2,1,2,1,2,2,4,0,3,2,3,1,2,1,0,1,2,1,1,3,1,2,2,1,1,1,0,0,0,0,0,0,0,0,0,1,0,1,0,0,0,1,1,0,54.92
1,1,0,1,0,0,3,0,0,0,2,0,1,0,4,0,0,1,0,0,2,3,3,3,2,0,0,0,1,3,1,2,0,2,0,4,3,3,2,3,1,0,1,0,1,2,1,1,1,0,0,2,1,1,1,0,0,0,0,0,0,0,0,0,1,0,1,1,0,0,1,1,0,17.64
3,0,4,1,0,2,1,1,2,3,3,1,1,0,0,1,2,1,0,3,2,1,4,3,2,4,0,0,0,4,2,2,0,2,0,4,0,3,2,3,1,0,1,0,1,2,1,1,2,1,2,3,1,1,1,0,0,0,0,0,0,0,0,0,1,3,1,0,0,0,1,1,0,31.55
0,0,0,1,0,2,3,1,2,1,1,1,1,0,1,1,2,1,0,3,2,2,1,3,0,4,0,0,1,2,1,2,0,0,0,1,1,3,2,2,1,0,1,0,1,2,1,1,2,1,2,2,1,1,1,0,0,0,0,0,0,0,0,0,1,0,0,1,0,0,1,1,0,27.39
0,0,1,1,0,4,6,4,3,1,3,1,1,1,3,1,2,1,0,3,1,2,2,0,0,2,1,0,5,2,1,2,3,2,0,4,3,1,2,0,1,0,1,0,1,2,1,1,2,1,2,2,1,1,1,0,0,1,0,1,0,0,0,0,1,1,2,1,0,0,1,1,0,140.49
3,1,4,1,0,3,5,1,3,3,1,3,1,1,4,1,2,1,0,3,2,2,4,3,2,4,0,0,3,4,2,2,0,2,0,4,3,3,2,3,1,0,1,0,1,2,1,1,2,1,2,3,1,1,1,0,0,1,1,0,0,0,0,0,1,1,2,1,0,0,1,1,0,65.2
3,0,3,1,0,4,0,1,2,3,3,2,1,1,4,1,2,1,0,3,2,2,1,0,0,3,0,0,0,4,2,2,0,2,0,4,3,3,2,3,1,0,1,0,1,2,1,1,2,1,2,2,1,1,1,0,0,0,0,0,0,0,0,1,1,1,2,1,0,0,1,1,0,108.24
0,1,1,1,0,2,6,2,4,3,3,1,1,1,2,1,2,1,0,3,1,0,1,0,1,3,0,0,1,4,2,2,3,3,0,1,0,1,1,1,1,0,1,0,1,2,1,1,1,1,2,1,1,1,1,0,0,0,0,0,0,0,0,0,1,1,2,1,0,0,1,1,0,55.54
3,0,4,1,0,3,2,3,3,3,3,1,1,1,3,1,2,1,0,3,2,2,4,3,2,4,0,0,3,4,2,2,3,2,0,4,1,3,2,3,1,0,1,0,1,3,1,1,3,1,2,2,1,1,1,0,0,0,0,0,0,0,0,1,1,1,2,1,0,0,1,1,0,63.38
1,1,0,1,0,3,0,1,2,2,1,0,1,0,0,1,0,1,0,3,2,1,0,0,2,1,0,0,0,1,2,2,0,2,0,4,0,1,1,1,1,0,1,0,0,2,1,1,2,1,2,3,1,1,1,0,0,0,0,0,0,0,0,0,1,3,1,0,0,0,1,1,0,31.55
3,0,4,0,1,3,5,1,2,3,3,1,1,1,2,1,2,1,0,3,2,3,3,0,0,0,1,1,1,4,2,2,0,2,0,4,1,3,2,3,1,2,1,0,1,2,1,1,3,1,2,2,1,0,1,0,0,0,0,0,0,0,0,0,1,1,2,1,0,0,1,1,0,78.25999999999999
2,2,2,1,0,4,2,3,3,2,1,3,1,1,4,2,0,1,0,1,1,2,3,0,1,0,0,0,1,1,1,2,0,1,0,0,0,1,0,2,0,2,0,0,0,2,1,1,2,2,0,3,1,2,1,0,0,0,0,0,0,0,0,0,1,1,2,1,0,0,1,1,0,74.71000000000001
3,0,1,1,0,2,0,2,3,3,3,1,1,0,1,1,1,1,0,3,2,0,4,3,2,4,0,0,1,2,1,2,3,2,0,4,4,3,2,3,1,0,1,0,1,2,1,1,3,1,2,1,1,1,1,0,0,0,0,0,0,0,0,0,1,0,0,1,0,0,1,1,0,48.7
3,1,4,1,3,1,0,1,2,3,0,3,1,1,3,1,2,1,0,3,2,1,4,3,2,4,0,0,1,4,2,2,0,2,0,4,1,3,2,3,1,0,1,0,1,2,1,1,2,1,2,2,1,3,1,0,0,0,0,0,0,0,0,0,1,2,2,1,0,0,0,0,1,44.87
3,1,4,1,2,4,4,2,2,3,3,0,1,1,3,1,2,1,0,3,2,1,4,3,2,4,0,0,1,4,2,2,3,2,0,4,3,3,2,3,1,0,1,0,1,2,1,1,3,1,2,2,1,1,1,0,0,0,0,0,0,0,0,2,1,3,2,1,1,0,1,1,0,200.0
0,0,0,1,0,4,5,1,0,2,3,2,1,1,4,0,2,1,0,1,2,1,4,3,2,4,0,0,5,0,1,2,3,3,1,4,3,3,2,3,1,0,1,0,1,2,1,1,2,0,2,2,1,1,1,0,0,0,0,0,0,0,0,0,1,1,2,1,0,0,1,1,0,50.81
3,1,4,1,0,3,2,1,2,3,3,2,1,1,4,1,2,0,0,3,2,3,4,3,2,4,0,0,2,4,2,2,0,2,0,4,1,3,2,3,1,0,1,0,1,2,1,1,2,1,2,2,1,1,1,0,0,0,0,0,0,0,0,0,1,1,2,1,0,0,1,1,0,72.31
3,1,4,1,0,3,3,1,0,3,3,0,2,1,2,1,2,1,0,3,2,1,4,3,2,4,0,0,5,4,2,2,0,2,0,4,1,3,2,3,1,2,1,0,1,2,0,0,3,1,2,2,1,1,1,0,0,0,0,0,0,0,0,0,1,1,2,1,0,0,1,1,0,111.84
3,0,3,1,0,4,3,1,0,3,3,1,1,1,3,1,2,1,0,3,2,1,4,3,2,4,0,0,5,2,0,2,0,2,0,4,1,3,2,3,1,0,1,0,1,2,1,1,3,1,2,2,1,1,1,0,0,0,0,0,0,0,0,0,1,1,2,1,0,0,1,1,0,45.45
3,1,4,1,0,3,2,4,4,3,3,1,1,1,2,1,2,1,0,3,2,2,1,2,1,2,0,0,0,4,2,2,1,2,0,4,1,3,2,3,1,3,1,0,1,3,1,1,3,1,2,3,1,1,1,0,0,0,0,0,0,0,0,0,1,3,2,1,0,0,1,2,0,119.88
0,1,0,1,0,2,2,1,3,1,1,2,1,1,3,1,2,0,1,2,2,2,4,3,2,4,0,0,4,1,0,0,1,3,0,2,0,3,1,3,1,0,0,0,0,2,1,1,2,1,2,2,1,1,1,0,0,0,0,0,0,0,0,0,1,1,2,1,0,0,1,1,0,51.81
3,0,4,1,0,4,0,2,1,3,3,1,1,1,4,1,2,1,0,3,2,2,4,3,2,4,2,0,0,1,1,2,3,2,0,4,2,3,2,3,1,2,1,0,1,1,1,1,1,1,2,2,1,1,1,0,0,0,0,0,0,0,0,0,1,0,2,1,0,0,1,2,0,102.47
1,1,0,1,0,0,1,1,2,2,0,2,1,1,4,1,2,0,1,2,1,2,2,1,0,2,0,0,1,1,1,2,0,2,0,4,1,3,2,3,1,0,1,0,1,0,1,1,1,1,0,2,1,1,1,0,0,0,0,0,0,0,0,0,1,1,0,1,0,0,1,1,0,29.380000000000003
3,0,1,0,1,4,5,1,3,3,3,0,1,1,3,1,2,1,0,3,2,2,4,3,2,4,0,0,1,4,2,0,1,3,0,2,0,3,2,3,1,0,1,0,1,2,1,1,2,1,2,2,1,1,1,0,0,0,0,0,0,0,0,0,1,0,2,1,0,0,1,1,0,41.44
3,0,4,0,1,4,6,4,4,3,3,1,1,1,2,1,2,2,0,3,2,2,4,3,2,4,2,0,4,4,2,2,1,2,0,4,3,3,2,3,1,2,1,0,1,2,1,1,3,1,2,2,1,1,1,0,0,0,0,0,0,0,0,0,1,2,2,1,0,0,1,1,0,125.01
3,0,0,1,0,3,3,1,0,1,3,0,1,0,0,1,0,1,0,3,2,3,3,3,2,0,0,0,0,4,2,2,0,2,0,4,3,3,2,3,1,0,1,0,1,2,1,1,3,1,2,2,1,1,1,0,0,0,0,0,0,0,0,0,1,2,1,1,0,0,1,1,0,22.69
1,0,0,1,0,1,5,1,0,2,3,2,1,1,1,0,0,1,0,0,2,3,3,3,2,0,0,0,5,0,1,2,0,2,0,4,3,3,2,0,1,0,1,0,0,2,1,1,1,1,0,2,1,1,1,0,0,0,0,0,0,0,0,1,1,1,2,1,0,0,1,1,0,49.84
0,1,0,1,0,3,4,2,4,1,1,2,1,1,2,1,2,1,0,0,2,0,4,3,2,4,0,0,1,1,0,2,3,3,0,4,0,3,1,3,1,0,1,0,1,2,1,1,1,2,1,1,1,1,1,0,0,0,0,0,0,0,0,0,1,1,2,1,0,0,1,1,0,55.54
3,0,4,1,0,4,1,1,2,3,3,0,1,1,3,1,2,0,0,3,2,1,4,3,2,4,0,0,2,4,2,2,1,2,0,4,3,3,2,3,1,3,1,0,1,2,1,1,3,1,2,2,1,1,1,0,0,0,0,0,0,0,0,0,1,1,2,1,0,0,1,1,0,32.58
1,2,1,1,0,2,4,1,2,0,1,1,2,1,4,1,2,1,0,0,1,2,3,0,0,0,0,0,0,4,2,0,0,1,0,0,3,1,2,0,1,0,1,0,1,2,0,0,2,0,0,2,1,1,1,0,0,0,0,0,0,0,0,1,1,1,2,1,0,0,0,1,0,108.24
3,2,4,1,2,4,2,3,2,3,3,2,1,1,1,1,2,1,0,3,2,3,4,3,2,4,2,1,0,4,2,2,0,2,0,4,3,3,2,3,1,0,1,0,1,2,1,1,3,1,2,2,1,1,1,0,0,0,0,0,0,0,0,1,1,3,2,1,0,0,1,1,0,200.0
3,0,4,1,0,3,2,2,3,3,3,1,1,1,2,1,2,1,0,3,2,1,4,3,2,4,0,0,1,4,2,2,2,2,0,4,3,3,2,3,1,1,1,0,1,2,1,1,3,1,2,2,1,3,1,0,0,0,0,0,0,0,0,1,1,1,2,1,0,0,1,1,0,58.17
3,0,0,0,1,1,5,1,0,3,3,0,1,1,0,1,0,1,0,3,2,3,4,3,2,4,0,0,0,4,2,2,0,2,0,4,3,3,2,3,1,0,1,0,1,2,1,1,3,1,2,2,1,1,1,0,0,0,0,0,0,0,0,0,1,2,2,1,0,0,1,1,0,22.69
3,1,4,1,3,1,5,1,0,3,3,1,1,1,3,1,2,1,0,3,2,3,4,3,2,4,0,0,1,4,2,2,0,2,0,4,3,3,2,3,1,2,1,0,1,2,1,1,2,1,2,2,1,1,1,0,0,0,0,0,0,0,0,1,1,1,2,1,0,0,1,1,0,90.99
3,1,4,1,4,3,6,2,2,3,3,0,1,1,2,1,2,1,0,3,2,1,4,3,2,4,0,0,4,4,2,2,3,2,0,4,3,3,2,3,1,0,1,0,1,2,1,1,3,1,2,2,1,1,1,0,1,0,0,0,0,0,0,0,1,1,2,1,0,0,1,1,0,121.95
0,0,0,1,0,2,0,1,2,1,3,2,0,1,1,1,2,1,0,3,2,2,1,3,0,3,0,0,0,4,2,2,0,2,0,4,3,3,2,0,0,2,0,1,2,1,0,0,1,1,0,2,1,1,1,0,0,0,0,0,0,0,0,1,1,0,2,1,0,0,1,0,0,58.620000000000005
0,1,0,1,0,4,2,1,3,1,1,2,1,1,3,1,2,0,0,0,1,2,2,0,0,0,0,0,3,4,2,2,1,2,0,2,1,1,0,2,1,2,1,0,1,2,1,1,2,1,2,2,1,1,1,0,0,0,0,0,0,0,0,0,1,1,2,1,0,0,1,1,0,46.95
3,1,4,1,2,0,0,0,1,0,2,1,1,1,2,1,2,1,0,3,2,1,4,3,2,4,0,0,0,4,2,2,0,2,0,4,3,3,2,3,1,0,1,0,1,2,1,1,3,1,2,2,1,1,1,0,0,0,0,0,0,0,0,0,1,1,2,1,0,0,1,1,0,9.98
3,1,4,1,0,1,3,1,2,3,0,0,1,1,0,1,2,1,0,3,2,3,4,3,2,4,0,0,5,4,2,2,0,2,0,4,1,2,1,0,1,0,1,0,1,2,1,1,2,1,2,2,1,1,1,0,0,0,0,0,0,0,0,0,1,0,2,1,0,0,1,1,0,29.24
3,0,4,0,1,3,4,4,4,3,3,1,1,0,2,1,2,2,0,3,2,2,4,3,2,4,2,0,4,4,2,2,1,2,0,4,3,3,2,3,1,2,1,0,1,2,1,1,3,1,2,2,1,1,1,0,0,0,0,0,0,0,0,0,1,2,1,0,0,0,1,1,0,125.01
3,0,3,1,0,4,4,2,4,3,3,1,1,1,2,1,2,1,0,3,2,0,4,3,2,4,0,0,1,4,0,2,3,2,0,4,0,3,2,3,1,0,1,0,1,2,1,1,1,1,2,1,1,1,1,0,0,0,0,0,0,0,0,0,1,1,2,1,0,0,1,1,0,55.54
3,0,3,1,0,1,6,3,2,3,3,1,1,1,2,1,2,1,0,3,2,2,4,3,2,4,0,0,0,4,2,2,3,2,0,4,0,3,2,3,1,0,1,0,1,2,1,1,3,1,2,2,1,1,1,0,0,0,0,0,0,0,0,0,1,1,2,1,1,0,1,1,0,70.48
3,0,4,1,0,3,6,4,4,3,3,1,1,1,2,1,2,2,0,3,2,2,4,3,2,4,2,1,4,4,2,2,1,2,0,4,3,3,2,3,1,2,1,0,1,2,1,1,3,1,2,2,1,1,1,0,0,0,0,0,0,0,0,0,1,2,2,1,0,0,1,1,0,125.01
3,0,4,1,0,3,1,3,3,3,3,0,1,1,3,1,2,1,0,3,2,2,4,3,2,4,0,0,3,4,2,2,3,2,0,4,1,3,2,3,1,0,1,0,1,3,1,1,3,1,2,2,1,1,1,0,0,0,0,0,0,0,0,1,1,1,0,1,0,0,0,1,0,63.38
3,0,0,1,0,3,0,4,3,3,3,2,1,1,4,1,2,1,0,0,2,3,3,3,2,0,2,0,3,4,2,2,2,2,1,4,3,3,2,3,1,0,1,0,1,2,1,1,3,1,2,2,1,1,1,0,0,0,0,0,1,0,0,0,1,3,1,0,0,0,1,1,0,165.28
0,1,0,1,0,2,2,1,2,1,1,1,1,1,4,0,0,0,0,2,2,2,1,3,2,3,0,0,0,4,2,2,3,3,0,2,3,3,2,3,1,2,0,1,2,2,1,1,1,0,0,2,1,1,1,0,0,0,0,0,0,0,0,0,1,3,1,1,0,0,1,1,0,42.95
3,1,4,1,0,3,2,4,3,3,3,2,1,1,4,1,2,1,0,3,2,3,4,3,2,4,2,1,3,4,2,2,2,2,0,4,3,3,2,3,1,0,1,0,1,2,1,1,3,1,2,2,1,1,1,0,0,0,0,0,1,0,0,0,1,3,2,1,0,0,1,1,0,165.28
3,2,4,1,3,3,5,3,4,3,3,0,1,1,4,1,2,1,0,3,2,2,4,3,2,4,0,0,2,4,2,2,3,2,0,4,4,3,2,3,1,2,1,0,1,2,1,1,2,1,2,3,1,0,1,0,0,0,0,0,1,1,0,0,1,1,2,1,0,0,1,1,0,153.19
3,0,0,1,0,3,4,4,4,3,3,2,1,0,2,1,2,1,0,3,2,2,4,3,2,4,0,0,0,4,2,0,1,3,0,1,1,3,2,3,1,3,1,1,2,3,1,1,3,1,2,3,1,1,1,0,0,0,0,0,0,0,0,0,1,3,1,1,0,0,1,2,0,119.88
3,2,4,1,4,3,1,3,2,3,3,1,1,1,4,1,2,1,0,3,2,2,4,3,2,4,2,0,5,4,2,2,0,2,0,4,1,3,2,3,1,0,1,0,1,2,1,1,3,1,2,2,1,2,1,2,0,0,0,0,0,0,0,0,1,1,2,1,0,0,1,1,0,200.0
3,0,4,1,0,0,4,3,3,3,3,2,1,1,4,1,2,1,0,3,2,2,4,3,2,4,0,0,1,4,2,2,0,2,0,4,0,3,2,3,1,2,1,0,1,2,1,1,2,1,2,3,1,2,1,0,0,0,0,0,0,0,0,0,1,1,2,1,0,0,1,1,0,74.71000000000001
2,2,0,1,0,2,3,1,4,2,3,1,1,1,3,0,2,1,0,1,1,3,0,1,0,1,0,0,1,3,1,2,0,1,0,0,1,2,0,0,1,0,1,0,1,2,1,1,3,1,2,2,1,1,1,1,0,2,0,1,0,0,0,0,1,1,2,1,0,0,1,1,0,200.0
0,2,1,1,0,4,4,2,2,1,3,1,1,1,3,1,2,1,0,3,0,4,2,2,1,2,1,0,0,4,2,2,3,2,0,4,1,1,0,2,1,3,0,1,2,2,1,1,3,1,2,2,1,1,1,0,0,0,0,0,0,0,0,0,1,0,2,1,0,0,1,1,0,162.45
3,0,4,0,1,3,2,1,2,3,3,1,1,1,4,1,2,0,0,3,2,2,4,3,2,4,0,0,0,4,2,2,3,3,0,2,3,3,2,3,1,2,1,0,1,2,1,1,1,1,2,2,1,1,1,0,0,0,0,0,0,0,0,0,1,3,2,1,0,0,1,1,0,42.95
0,1,2,1,0,4,4,1,0,2,3,1,1,1,3,2,0,1,0,1,2,1,0,3,2,1,0,0,5,4,2,2,3,3,0,1,3,3,2,0,0,3,2,1,0,2,1,1,3,2,1,2,1,1,1,0,0,0,0,0,0,0,0,1,1,1,2,1,0,0,1,0,0,92.82
3,3,4,1,3,0,3,0,1,0,2,0,1,1,2,1,2,1,0,3,2,1,4,3,2,4,0,0,0,4,2,2,0,2,0,4,3,3,2,3,1,0,1,0,1,2,1,1,3,1,2,2,1,1,1,0,0,0,0,0,0,0,1,1,0,1,2,1,0,0,1,1,0,32.99
1,1,0,1,0,1,2,0,2,2,0,1,1,1,0,0,0,1,0,3,2,3,3,0,0,2,0,0,0,4,2,0,3,4,0,3,0,1,0,2,1,0,1,0,1,2,1,1,3,1,2,1,1,1,1,0,0,0,0,0,0,0,0,0,1,1,2,1,0,0,1,1,0,25.28
1,2,2,1,0,2,1,1,2,2,0,1,1,1,3,0,0,1,0,3,0,2,2,2,1,1,0,0,0,4,2,0,1,3,1,4,3,1,0,2,0,1,0,1,2,2,1,1,3,1,2,2,1,3,1,0,0,0,0,0,0,0,0,0,1,1,2,1,0,0,1,1,0,49.68
3,3,4,1,0,4,5,3,2,3,3,0,1,1,4,1,2,1,0,3,2,2,4,3,2,4,2,0,5,4,2,2,0,2,0,4,1,3,2,3,1,0,1,0,1,2,1,1,3,1,2,2,1,2,1,2,1,0,0,0,0,0,0,0,1,1,2,1,0,0,1,1,0,200.0
3,1,4,1,0,0,1,3,3,3,1,1,2,1,4,1,2,1,0,3,2,2,4,3,2,4,0,0,1,4,2,2,0,2,0,4,0,3,2,3,1,2,1,0,1,2,0,0,2,1,2,3,1,2,1,0,0,0,0,0,0,0,0,0,1,1,2,1,0,0,1,1,0,74.71000000000001
3,0,3,0,1,3,1,3,3,3,3,1,1,1,3,1,2,1,0,3,2,0,4,3,2,4,0,0,5,4,2,0,2,3,1,2,1,3,2,3,1,0,1,0,1,2,1,1,2,1,2,0,1,1,1,0,0,0,0,0,0,0,0,0,1,0,2,1,0,0,1,0,0,63.93
3,0,1,1,0,4,4,4,4,3,3,1,1,1,2,1,2,2,0,3,2,2,4,3,2,4,2,0,4,4,2,2,1,2,1,4,3,3,2,3,1,2,1,0,1,2,1,1,3,1,2,2,1,1,1,0,0,0,0,0,0,0,0,0,1,2,2,1,0,0,1,1,0,125.01
3,1,4,1,2,4,5,2,2,3,3,2,1,1,4,1,2,1,0,3,2,2,4,3,2,4,0,0,0,4,2,2,1,2,0,4,0,3,2,3,1,0,1,0,1,0,1,1,2,1,2,2,1,1,1,0,0,0,0,0,0,0,0,2,1,1,2,1,0,0,1,1,0,172.27
3,0,1,1,0,1,2,0,0,1,1,1,1,1,2,1,2,1,0,3,2,3,4,3,2,4,0,0,0,3,2,0,0,1,0,0,1,3,2,3,1,0,1,0,1,2,1,1,3,1,2,2,1,0,1,0,0,0,0,0,0,0,0,0,1,1,2,1,0,0,1,1,0,19.24
3,1,4,1,0,3,1,4,4,3,3,1,1,1,2,1,2,1,0,3,2,2,1,2,1,0,0,0,0,4,2,2,1,2,0,4,1,3,2,3,1,3,1,0,1,3,1,1,3,1,2,3,1,1,1,0,0,0,0,0,0,0,0,0,1,3,2,1,0,0,1,2,0,119.88
3,0,4,0,1,3,2,1,2,3,3,0,1,1,3,1,2,1,0,3,2,1,4,3,2,4,0,0,1,4,2,2,1,2,0,4,3,3,2,3,1,0,1,0,1,2,1,1,1,1,2,2,1,1,1,0,0,0,0,0,0,0,0,1,1,1,2,1,0,0,1,1,0,47.75
3,1,4,1,0,1,6,1,0,3,1,0,1,1,2,1,2,1,0,3,2,2,4,3,2,4,0,0,0,4,2,2,0,2,0,4,1,3,2,3,1,0,1,0,1,2,1,1,3,1,2,2,1,2,1,0,0,0,0,0,0,0,0,0,1,1,2,1,0,0,1,0,0,37.56
1,1,2,1,0,3,1,3,3,1,1,3,1,1,4,1,2,1,0,3,1,2,3,1,1,2,0,0,1,1,1,2,0,2,0,4,0,1,0,2,1,2,1,0,1,2,1,1,2,1,2,3,0,2,0,0,0,0,0,0,0,0,0,0,1,1,2,1,0,0,1,1,0,74.71000000000001
3,0,4,0,1,2,3,1,1,3,3,1,1,1,3,1,2,1,0,3,2,1,4,3,2,4,0,0,0,4,2,2,0,2,0,4,3,3,2,3,1,2,1,0,1,2,1,1,3,1,2,2,1,1,1,0,0,0,0,0,0,0,0,0,1,0,1,0,0,0,1,1,0,52.32
0,0,0,1,0,2,1,0,3,1,1,0,1,1,1,0,1,0,0,0,2,2,1,3,0,4,0,0,2,1,1,2,0,2,0,4,1,3,2,3,1,0,1,0,1,0,1,1,0,2,1,2,1,1,1,0,0,0,0,0,0,0,0,0,1,1,2,1,0,0,1,1,0,31.76
4,1,0,1,0,2,5,0,3,0,2,1,1,1,4,0,0,2,1,0,2,1,4,3,2,4,0,0,3,1,0,2,0,2,0,4,1,0,0,0,1,0,1,0,1,2,1,1,2,1,2,2,1,1,1,0,0,0,0,0,0,0,0,0,1,1,2,1,0,0,1,1,0,24.1
3,1,1,1,0,3,3,3,2,1,3,0,1,0,1,1,2,1,0,3,2,3,4,3,2,4,2,0,0,4,2,2,0,0,1,2,3,3,2,3,1,0,1,0,1,2,1,1,3,1,2,2,1,1,1,0,0,0,0,0,0,0,0,1,1,3,0,0,0,0,1,1,0,200.0
3,1,4,1,0,4,0,1,3,3,1,1,1,1,3,1,2,1,0,3,2,2,4,3,2,4,0,0,1,4,2,2,1,2,0,4,0,2,1,2,1,0,1,0,1,2,1,1,2,1,2,2,1,1,1,0,0,0,0,0,0,0,0,0,1,0,2,1,0,0,1,1,0,41.44
1,1,0,1,0,4,2,1,2,2,3,1,1,1,4,1,1,1,0,3,1,2,3,1,0,2,0,0,0,4,2,2,0,2,0,4,0,2,0,0,1,2,1,0,1,2,1,1,2,1,2,2,1,3,1,0,0,0,0,1,0,0,0,0,1,0,2,1,0,0,1,1,0,88.77
0,1,2,1,0,0,3,1,2,1,3,1,1,1,4,0,0,0,0,2,2,3,3,0,0,0,0,0,2,2,0,2,0,2,0,4,1,3,2,2,1,0,1,0,1,2,1,1,2,0,0,2,1,1,1,0,0,0,0,0,0,0,0,0,1,1,2,1,0,0,1,1,0,72.31
0,0,0,1,0,4,3,2,2,1,1,0,1,1,3,1,2,1,0,1,2,3,3,3,0,3,0,0,2,4,2,2,3,3,0,2,0,3,0,1,1,0,1,0,1,2,1,1,3,1,2,2,1,1,1,0,0,0,0,0,0,0,0,0,1,1,2,1,0,0,1,1,0,29.12
3,3,4,1,0,3,3,2,2,3,3,1,1,1,3,1,2,1,0,3,2,1,4,3,2,4,0,0,1,4,2,2,3,2,0,4,3,3,2,3,1,0,1,0,1,2,1,1,3,1,2,2,1,1,1,0,0,0,0,0,0,0,0,2,1,3,2,1,1,1,1,1,0,200.0
3,0,1,1,0,1,1,2,2,3,3,1,1,1,3,1,2,1,0,3,2,3,4,3,2,4,0,0,2,4,2,2,3,3,0,1,0,3,2,3,1,0,1,0,1,2,1,1,3,1,2,2,1,1,1,0,0,0,0,0,0,0,0,0,1,1,2,1,0,0,1,1,0,29.12
3,1,4,1,3,3,1,2,3,3,3,1,1,1,2,1,2,1,0,3,2,3,4,3,2,4,0,0,2,4,2,2,0,2,0,4,0,3,2,3,1,3,1,0,1,2,1,1,3,1,2,2,1,2,1,0,0,0,0,0,1,0,0,0,1,1,2,1,0,0,1,1,0,145.41
3,3,4,1,2,4,4,3,2,3,3,0,1,1,3,1,2,1,0,3,2,1,4,3,2,4,0,0,1,4,2,2,0,2,0,4,3,3,2,3,1,0,1,0,1,2,1,1,2,1,2,2,1,3,1,0,0,0,0,0,0,1,0,0,1,0,2,1,1,0,1,0,0,172.09
3,0,3,1,0,4,3,1,0,3,3,1,1,1,1,2,1,1,0,2,2,1,4,3,2,4,0,0,0,4,2,2,0,2,0,4,1,3,2,3,1,2,1,0,1,2,1,1,2,0,0,2,1,1,1,0,0,0,0,0,0,0,0,0,1,1,2,1,0,0,1,1,0,38.22
3,0,1,1,0,0,4,0,1,0,3,1,1,1,3,0,2,1,0,1,2,1,0,3,2,1,0,0,0,3,2,2,0,2,0,4,3,3,2,3,1,0,1,0,1,2,1,1,3,1,2,2,1,1,1,0,0,0,0,0,0,0,0,1,1,1,2,1,0,0,1,1,0,57.040000000000006
3,0,4,1,0,3,6,1,2,3,3,3,1,1,4,1,2,0,0,3,2,3,4,3,2,4,0,0,2,4,2,2,0,2,0,4,1,3,2,3,1,0,1,0,1,2,1,1,2,1,2,2,1,1,1,0,0,0,0,0,0,0,0,0,1,1,2,1,0,0,1,1,0,72.31
3,0,4,1,0,3,2,1,2,3,3,0,1,1,4,1,2,0,0,3,2,3,4,3,2,4,0,0,2,4,2,2,0,2,0,4,1,3,2,3,1,0,1,0,1,2,1,1,2,1,2,2,1,1,1,0,0,0,0,0,0,0,0,0,1,1,2,1,0,0,1,1,0,72.31
3,3,4,1,3,0,1,0,1,0,2,0,1,1,2,1,2,1,0,3,2,1,4,3,2,4,0,0,0,4,2,2,0,2,0,4,3,3,2,3,1,0,1,0,1,2,1,1,3,1,2,2,1,1,1,0,0,0,0,0,0,0,1,1,0,1,2,1,0,0,1,1,0,32.99
3,1,4,1,2,3,5,2,2,3,3,3,1,1,4,1,2,1,0,3,2,2,4,3,2,4,0,0,0,4,2,2,0,2,0,4,4,3,2,3,1,0,1,0,1,2,1,1,2,1,2,2,1,3,1,0,0,0,0,1,1,1,0,0,1,1,2,1,0,0,1,1,0,114.98
0,0,0,1,0,2,0,1,3,1,3,2,1,1,3,1,2,0,0,3,2,2,4,3,2,4,0,0,3,1,0,2,1,2,0,2,1,3,2,3,0,2,0,0,0,2,1,1,2,1,2,2,1,1,1,0,0,0,0,0,0,0,0,0,1,1,2,1,0,0,1,1,0,46.95
0,1,0,1,0,3,0,1,0,1,3,1,1,1,2,1,2,1,0,1,1,3,0,1,0,1,0,0,1,4,2,2,3,3,0,2,3,3,2,0,1,0,1,0,1,2,1,1,3,1,2,2,1,1,1,0,0,0,0,2,0,0,0,0,1,1,2,1,0,0,1,1,0,154.93
3,1,4,1,0,3,5,1,2,3,3,1,1,1,3,1,2,1,0,3,2,3,4,3,2,4,0,0,2,4,2,2,0,2,0,4,1,3,2,3,1,0,1,0,1,2,1,1,2,1,2,2,1,2,1,0,0,0,0,0,0,0,0,0,1,1,2,1,1,1,1,1,0,81.63
3,1,4,1,0,3,2,1,0,1,1,1,1,1,1,1,2,1,0,3,2,1,4,3,2,4,0,0,0,4,2,2,0,2,0,4,1,2,1,2,1,2,1,0,1,2,1,1,2,1,2,2,1,1,1,0,0,0,0,0,0,0,0,0,1,1,2,1,0,0,1,1,0,38.22
0,1,2,1,0,2,4,0,2,1,1,3,1,1,4,0,1,1,0,0,2,4,1,3,1,4,0,0,0,3,2,2,0,2,0,4,1,3,2,3,1,0,1,0,0,2,1,1,2,2,0,2,1,2,0,0,0,0,0,0,0,0,0,0,1,1,2,1,0,0,1,1,0,39.49
3,0,4,1,3,4,5,2,1,3,3,1,1,1,4,1,2,1,0,3,2,4,4,3,2,4,0,0,1,4,2,2,4,2,0,4,4,3,2,3,1,0,1,0,1,2,1,1,3,1,2,2,1,1,1,0,0,0,0,2,0,0,0,0,1,0,2,1,0,0,0,1,1,175.43
3,0,1,1,0,1,0,1,0,3,3,1,1,1,1,1,2,1,0,3,2,1,4,3,2,4,0,0,0,4,2,2,0,0,0,3,1,3,2,3,1,2,0,1,2,2,1,1,2,1,2,2,1,1,1,0,0,0,0,0,0,0,0,0,1,1,2,1,0,0,1,1,0,38.22
3,3,4,1,4,3,4,3,2,3,1,1,1,1,3,1,2,1,0,3,2,1,4,3,2,4,0,0,1,4,2,2,0,2,0,4,3,3,2,3,1,0,1,0,1,2,1,1,2,1,2,2,1,3,1,0,1,0,0,0,0,0,0,0,1,0,2,1,1,0,1,0,0,172.09
0,0,0,1,0,3,4,1,2,1,3,1,1,1,4,1,2,1,0,1,2,2,1,3,0,4,0,0,0,3,2,2,0,0,0,1,0,3,0,3,1,2,1,0,1,2,1,1,2,1,2,2,1,3,1,0,0,0,0,1,0,0,0,0,1,0,2,1,0,0,1,1,0,88.77
3,0,4,0,1,0,3,1,2,3,3,1,1,1,3,1,2,1,0,3,2,2,4,3,2,4,0,0,0,3,2,2,3,2,0,4,0,3,2,3,1,0,1,0,1,2,1,1,3,1,2,2,1,2,1,0,0,0,0,0,0,0,0,0,1,1,2,1,0,0,1,1,0,86.94
0,0,0,1,0,3,3,1,2,1,3,1,1,1,0,0,0,1,0,3,2,4,1,3,0,4,0,0,0,4,2,2,0,2,0,4,4,1,0,2,1,0,1,0,1,2,1,1,3,1,2,2,1,1,1,0,0,0,0,0,0,0,0,0,1,1,2,1,0,0,1,1,0,32.64
4,2,2,1,0,3,1,3,4,2,3,0,1,1,4,2,1,1,0,1,1,2,3,0,1,0,0,0,2,3,0,2,3,3,0,1,4,1,1,2,1,2,1,0,1,2,1,1,2,2,0,3,1,0,1,0,0,0,0,0,1,0,0,0,1,1,2,1,0,0,1,1,0,153.19
1,1,1,1,0,2,5,1,2,2,1,1,1,1,3,1,2,1,0,3,1,2,2,0,0,2,0,0,0,3,2,2,3,2,0,4,0,0,0,2,1,0,1,0,1,2,1,1,3,1,2,2,1,0,1,0,0,0,0,0,0,0,0,1,1,0,1,1,0,0,1,1,0,46.22
3,0,4,1,0,2,4,1,2,3,3,1,1,1,4,2,1,1,0,3,2,2,4,3,2,4,0,0,0,4,2,2,0,2,0,4,0,3,2,3,1,2,1,0,1,2,1,1,2,1,2,2,1,3,1,0,0,0,0,1,0,0,0,0,1,0,2,1,0,0,1,1,0,88.77
3,3,4,1,4,3,5,1,2,3,1,1,1,1,3,1,2,1,0,3,2,2,4,3,2,4,0,0,5,4,2,2,0,2,0,4,3,3,2,3,1,1,1,0,1,2,1,1,2,1,2,2,1,1,1,0,0,0,0,0,0,0,0,0,1,1,2,1,1,0,1,1,0,162.31
3,3,4,1,2,4,6,1,2,3,2,3,1,1,4,1,2,1,0,3,2,4,4,3,2,4,0,0,0,4,2,2,0,2,0,4,0,3,2,3,1,0,1,0,1,2,1,1,3,1,2,2,1,3,1,0,0,0,0,0,0,0,0,0,1,1,2,1,0,0,1,1,0,92.69
2,1,0,1,4,2,1,1,3,2,0,2,1,1,3,1,2,1,0,3,0,2,2,2,0,1,0,0,1,4,2,2,1,2,0,2,0,0,1,1,1,0,1,0,1,2,1,1,2,1,2,2,1,1,1,0,0,0,0,0,0,0,0,0,1,0,1,1,0,0,1,1,0,41.44
1,1,0,1,0,4,3,2,1,1,3,0,0,0,4,1,2,1,0,0,2,2,1,3,1,4,2,0,0,4,2,2,3,2,0,4,2,1,1,3,1,2,1,0,1,1,0,2,1,0,0,2,1,1,1,0,0,0,0,0,0,0,0,0,1,0,0,1,0,0,1,2,0,102.47
3,3,4,1,2,4,0,0,0,3,2,0,1,1,4,1,2,1,0,3,2,1,4,3,2,4,0,0,0,4,2,2,0,2,0,4,1,3,2,3,1,0,1,0,1,2,1,1,2,1,2,2,1,3,1,0,0,0,0,0,0,0,1,1,0,1,2,1,0,0,1,1,0,73.75
3,3,4,1,3,3,0,2,2,3,0,3,1,1,3,1,2,1,0,3,2,2,4,3,2,4,0,0,5,4,2,2,0,2,0,4,0,3,2,3,1,3,1,0,1,2,1,1,3,1,2,2,1,0,1,0,0,0,0,0,1,1,0,1,1,1,2,1,0,0,1,1,0,161.66
3,0,4,1,0,3,1,4,3,3,3,2,1,1,3,1,2,1,0,3,2,2,4,3,2,4,1,0,5,4,2,2,3,3,2,2,3,3,2,3,1,0,1,0,1,2,1,1,2,1,2,2,1,1,1,0,0,1,0,1,0,0,0,0,1,1,2,1,0,0,1,1,0,140.49
3,0,3,1,0,1,6,2,3,3,3,1,1,1,3,1,2,1,0,3,2,2,4,3,2,4,0,0,1,4,2,2,3,2,0,4,0,3,2,3,1,0,1,0,1,2,1,1,3,1,2,1,0,0,1,0,0,0,0,0,0,0,0,1,1,1,2,1,0,0,1,1,0,129.13
3,0,4,1,0,4,0,3,2,3,3,1,1,1,4,1,2,0,0,3,2,1,4,3,2,4,1,0,2,4,2,2,0,2,0,4,1,3,2,3,1,0,1,0,1,2,1,1,2,1,2,2,1,1,1,0,0,0,0,0,0,0,0,0,1,1,0,0,0,0,1,1,0,69.44
0,1,0,1,0,0,1,1,0,2,3,0,1,1,3,1,2,1,0,3,2,3,3,1,0,2,0,0,2,4,2,2,0,1,0,0,1,1,2,0,1,0,1,0,1,2,1,1,3,1,2,3,1,3,0,0,0,0,0,0,0,0,0,2,1,1,0,1,0,0,1,1,0,200.0
3,0,0,1,0,2,3,1,0,1,3,1,1,1,1,1,0,1,0,3,2,2,1,3,0,4,2,0,0,4,2,2,0,1,0,0,3,3,2,3,1,0,1,0,1,2,1,1,3,1,2,2,1,1,1,0,0,0,0,0,0,0,0,1,1,0,2,1,0,0,1,1,0,31.23
3,2,4,1,3,3,1,2,2,3,1,2,1,1,4,1,2,1,0,3,2,2,4,3,2,4,0,0,0,4,2,2,0,2,0,4,4,3,2,3,1,0,1,0,1,2,1,1,2,1,2,2,1,3,1,0,0,0,0,1,1,0,0,0,1,1,2,1,0,0,1,1,0,114.98
3,1,1,1,0,4,2,1,2,1,1,1,1,1,3,1,2,1,0,3,2,4,4,3,2,4,0,0,5,1,2,2,0,1,0,0,1,3,2,3,1,0,1,0,1,2,1,1,3,1,2,3,1,1,1,0,0,0,0,0,0,0,0,1,1,1,2,1,0,0,1,1,0,79.7
3,1,4,1,3,0,0,0,1,3,1,3,1,1,2,1,2,1,0,3,2,3,4,3,2,4,0,0,0,4,2,2,0,2,0,4,1,3,2,3,1,0,1,0,1,2,1,1,3,1,2,2,1,1,1,0,0,0,0,0,0,0,0,0,1,1,2,1,0,0,1,1,0,41.96
3,1,2,1,4,3,2,2,2,1,3,1,1,0,3,1,2,1,0,3,2,4,1,0,1,3,1,0,0,4,2,2,3,3,0,1,1,3,0,3,1,3,0,1,2,2,1,1,3,1,2,2,1,1,1,0,0,0,0,0,0,0,0,0,1,0,0,0,0,0,1,1,0,162.45
3,1,4,1,2,4,1,3,2,3,3,0,1,1,2,1,2,1,0,3,2,2,4,3,2,4,0,0,0,4,2,2,3,2,0,4,0,3,2,3,1,0,1,0,1,2,1,1,3,1,2,2,1,1,1,0,0,0,0,0,0,0,0,0,1,1,2,1,1,0,1,1,0,70.48
0,1,0,1,0,2,4,1,3,1,1,2,1,1,3,0,2,0,0,2,2,2,4,3,2,4,0,0,3,1,0,0,1,3,0,2,1,3,0,3,1,2,1,0,1,2,1,1,2,1,2,2,1,1,1,0,0,0,0,0,0,0,0,0,1,1,2,1,0,0,1,1,0,46.95
3,1,4,1,0,3,1,0,2,1,0,1,1,1,4,1,2,1,0,3,2,3,4,3,2,4,0,0,1,4,2,2,0,2,0,4,0,2,1,2,1,0,1,0,1,2,1,1,2,1,2,2,1,1,1,0,0,0,0,0,0,0,0,0,1,1,2,1,0,0,1,1,0,25.07
3,0,2,1,0,3,2,1,2,3,3,3,1,1,4,1,2,1,0,3,2,4,4,3,2,4,0,0,0,4,2,2,0,2,0,4,0,3,2,3,1,0,1,0,1,2,1,1,3,0,2,2,1,3,1,0,0,0,0,0,0,0,0,0,1,1,2,1,0,0,1,1,0,92.69
3,0,0,1,0,4,4,3,3,3,3,2,1,0,3,1,2,1,0,3,2,0,4,3,2,4,0,0,5,4,2,2,2,2,1,4,1,3,2,3,1,0,1,0,1,2,1,1,2,1,2,0,1,1,1,0,0,0,0,0,0,0,0,0,1,0,0,1,0,0,1,0,0,63.93
3,0,1,1,0,2,3,1,2,3,3,1,1,1,3,1,2,0,0,3,1,3,0,3,2,1,0,0,2,2,0,2,3,3,0,2,3,3,2,3,1,0,1,0,1,2,1,1,2,1,2,2,1,1,1,0,0,0,0,0,0,0,0,0,1,3,2,1,0,0,1,1,0,200.0
3,0,4,0,1,4,5,1,0,3,3,0,1,1,2,1,2,1,0,3,2,3,4,3,2,4,0,0,0,4,2,2,0,0,0,1,1,3,2,3,1,0,1,0,1,2,1,1,3,1,2,2,1,1,1,0,0,0,0,0,0,0,0,1,1,1,2,1,0,0,1,1,0,67.1
3,0,1,1,0,2,5,1,0,1,3,1,1,1,3,1,2,1,0,3,2,1,4,3,2,4,0,0,5,3,1,0,3,4,0,3,3,3,2,3,1,3,1,0,1,2,1,1,3,1,2,2,1,1,1,0,0,0,0,0,0,0,0,1,1,1,2,1,0,0,1,0,0,92.82
3,0,1,1,0,4,4,1,2,3,3,0,1,1,3,1,2,0,0,3,2,1,4,3,2,4,0,0,2,1,0,2,1,2,0,4,3,3,2,3,1,3,1,0,1,2,1,1,3,1,2,2,1,1,1,0,0,0,0,0,0,0,0,0,1,1,2,1,0,0,1,1,0,32.58
3,3,4,1,0,3,5,1,0,3,1,1,1,1,2,1,2,1,0,3,2,1,4,3,2,4,0,0,5,4,2,2,0,2,0,4,1,3,2,3,1,2,1,0,1,2,1,1,3,1,2,2,1,1,1,0,1,0,0,0,0,0,0,0,1,1,2,1,0,0,1,1,0,111.84
0,0,4,1,0,2,4,1,3,1,3,1,1,1,3,1,2,1,0,3,2,3,4,3,2,4,0,0,0,4,2,2,3,2,0,4,1,0,0,2,1,3,1,0,1,2,1,1,1,1,2,1,1,0,1,0,0,0,0,0,0,0,0,0,1,1,2,1,0,0,1,1,0,139.14
3,0,3,1,0,4,2,1,0,3,3,1,1,1,1,2,1,1,0,3,2,1,4,3,2,4,0,0,0,4,2,2,0,2,0,4,1,3,2,3,1,2,1,0,1,2,1,1,2,1,2,2,1,1,1,0,0,0,0,0,0,0,0,0,1,1,2,1,0,0,1,1,0,38.22
3,3,4,1,2,2,0,1,3,3,0,0,1,1,2,1,2,1,0,3,2,3,4,3,2,4,0,0,4,4,2,2,3,2,0,4,1,3,2,3,1,0,1,0,1,2,1,1,3,1,2,3,1,0,1,0,0,0,0,0,1,1,0,0,1,3,2,1,0,0,1,1,0,71.66
3,0,3,0,1,4,4,1,0,3,3,1,1,1,3,1,2,1,0,3,2,1,4,3,2,4,0,0,2,4,0,2,3,2,0,4,3,3,2,3,1,0,1,0,1,2,1,1,2,1,2,2,1,1,1,0,0,0,0,0,0,0,0,0,1,1,2,1,0,0,1,1,0,19.3
3,3,4,1,3,3,6,2,1,3,0,3,1,1,4,1,2,1,0,3,2,4,4,3,2,4,0,0,1,4,2,2,4,2,0,4,4,3,2,3,1,0,1,0,1,2,1,1,3,1,2,2,1,1,1,0,0,0,0,2,0,0,0,0,1,0,2,1,0,0,1,1,0,175.43
3,1,4,1,2,3,6,4,3,3,3,3,1,1,4,1,2,1,0,3,2,3,4,3,2,4,2,0,3,4,2,2,2,2,0,4,3,3,2,3,1,0,1,0,1,2,1,1,3,1,2,2,1,1,1,0,0,0,0,0,1,1,0,0,1,3,2,1,0,0,1,1,0,165.28
3,0,0,1,0,3,0,1,0,3,3,1,1,1,2,1,2,1,0,3,2,3,4,3,2,4,0,0,0,4,2,2,0,2,0,4,0,3,1,3,1,0,1,0,1,2,1,1,3,1,2,2,1,1,1,1,0,0,0,0,0,0,0,0,1,0,1,1,0,0,1,1,0,57.37
2,1,0,1,0,4,2,1,2,0,0,2,0,1,4,1,2,0,1,2,2,2,1,3,0,3,0,0,1,1,1,2,0,2,0,4,1,1,2,0,1,0,1,0,1,0,0,0,1,0,0,2,1,1,1,0,0,0,0,0,0,0,0,0,1,1,2,1,0,0,1,1,0,29.380000000000003
3,1,4,1,0,3,3,1,0,3,0,0,1,1,1,1,2,1,0,3,2,2,4,3,2,4,0,0,0,4,2,2,0,2,0,4,1,3,2,3,1,0,1,0,1,2,1,1,3,1,2,2,1,1,1,0,0,0,0,0,0,0,0,0,1,1,2,1,0,0,1,1,0,23.880000000000003
3,0,4,1,0,4,3,1,3,3,3,1,1,1,4,1,2,1,0,3,2,2,4,3,2,4,0,0,0,4,2,2,0,2,0,4,4,3,2,3,1,2,1,0,1,2,1,1,3,1,2,3,1,1,1,0,0,0,0,0,0,0,0,0,1,0,1,1,1,0,1,1,0,110.23
2,3,2,1,0,3,1,1,0,0,2,1,2,1,3,1,2,1,0,1,1,3,0,2,1,1,0,0,0,4,2,2,0,0,0,3,1,1,2,0,1,0,1,0,0,3,0,1,1,2,1,2,1,1,1,0,0,0,0,0,0,0,0,0,1,1,2,1,0,0,1,1,0,38.53
1,1,2,1,0,3,2,1,2,2,1,1,1,1,3,1,2,1,0,3,1,2,3,2,1,2,0,0,0,4,2,2,3,2,0,4,0,0,1,2,1,0,1,0,0,2,1,1,3,1,2,2,1,2,0,0,0,0,0,0,0,0,0,0,1,1,2,1,0,0,1,1,0,86.94
3,1,4,1,2,2,0,1,0,3,1,0,1,1,3,1,2,1,0,3,2,1,4,3,2,4,0,0,5,4,2,2,0,2,0,4,1,3,2,3,1,0,1,0,1,2,1,1,3,1,2,2,1,1,1,0,0,0,0,0,0,0,0,0,1,1,2,1,0,0,1,1,0,45.45
3,2,4,1,2,2,6,1,0,3,1,1,1,1,3,1,2,1,0,3,2,1,4,3,2,4,0,0,5,4,2,2,3,2,0,4,3,3,2,3,1,3,1,0,1,2,1,1,3,1,2,2,1,1,1,0,0,0,1,0,0,0,0,1,1,1,2,1,0,0,1,0,0,92.82
1,1,0,1,0,3,6,2,3,2,3,1,2,1,4,0,0,1,0,3,1,2,2,1,0,2,0,0,1,4,2,2,0,2,0,4,1,1,0,2,1,0,1,0,1,2,0,0,3,1,2,2,1,3,0,0,0,0,0,2,0,0,0,1,1,0,1,1,0,0,1,1,0,200.0
3,0,4,1,2,1,4,1,0,3,3,3,1,1,3,1,2,1,0,3,2,3,4,3,2,4,0,0,1,4,2,2,0,2,0,4,3,3,2,3,1,2,1,0,1,2,1,1,2,1,2,2,1,1,1,0,0,0,0,0,0,0,0,1,1,1,2,1,0,0,1,1,0,90.99
3,1,3,1,0,2,2,1,2,3,3,1,1,1,3,1,2,0,0,3,2,1,4,3,2,4,0,0,2,4,2,2,3,2,0,4,1,3,2,3,1,3,1,0,1,2,1,1,2,1,2,2,1,1,1,0,0,0,0,0,0,0,0,0,1,1,2,1,0,0,1,1,0,70.74000000000001
3,0,3,1,0,3,0,1,3,3,3,1,1,1,1,1,2,1,0,3,2,2,4,3,2,4,0,0,1,4,2,2,0,2,0,4,2,3,2,3,1,0,1,0,1,1,1,1,2,1,2,2,1,1,1,0,0,0,0,0,0,0,0,1,1,0,1,1,0,0,1,1,0,73.75
3,0,1,1,0,3,2,3,3,3,3,1,1,1,3,1,2,1,0,3,2,0,4,3,2,4,0,0,5,4,2,2,2,2,1,4,1,3,2,3,1,0,1,0,1,2,1,1,2,1,2,0,1,1,1,0,0,0,0,0,0,0,0,0,1,0,2,1,0,0,0,0,0,63.93
0,1,0,1,0,1,3,0,1,0,2,0,1,1,3,0,2,1,0,1,2,1,0,3,2,1,0,0,0,4,2,2,0,1,0,0,1,0,2,0,1,0,1,0,1,2,1,1,3,1,2,2,1,3,0,0,0,0,0,0,0,0,0,0,1,1,2,1,0,0,1,1,0,18.06
3,0,4,0,1,3,2,3,3,3,3,2,1,1,3,1,2,1,0,3,2,0,4,3,2,4,0,0,5,0,1,2,2,2,0,4,1,3,2,3,1,0,1,0,1,2,1,1,2,1,2,0,1,1,1,0,0,0,0,0,0,0,0,0,1,0,2,1,0,0,1,0,0,63.93
0,1,0,1,0,4,0,2,2,2,3,1,1,1,2,1,2,1,0,3,2,1,0,0,2,1,0,0,4,2,0,2,3,2,0,4,3,3,2,2,1,0,1,0,1,2,1,1,3,1,2,2,1,1,1,0,0,0,0,0,0,0,0,0,1,1,2,1,0,0,1,1,0,121.95
3,0,4,1,0,3,3,1,2,3,3,0,1,1,3,1,2,1,0,3,2,1,4,3,2,4,0,0,1,4,2,2,0,2,0,4,1,3,2,3,1,0,1,0,1,2,1,1,2,1,2,2,1,3,1,0,0,0,1,0,0,0,0,0,1,2,2,1,0,0,1,0,0,44.87
3,0,0,1,0,2,1,1,0,3,3,1,1,0,2,1,2,1,0,3,2,3,4,3,2,4,0,0,0,4,2,2,0,2,0,4,0,3,2,3,1,0,1,0,1,2,1,1,3,1,2,2,1,1,1,1,0,0,0,0,0,0,0,0,1,0,1,1,0,0,1,1,0,57.37
0,1,0,1,0,4,6,2,3,3,3,0,1,1,4,0,0,0,1,2,2,2,1,3,0,3,0,0,1,4,2,2,0,1,0,0,1,3,2,3,1,2,0,1,2,2,1,1,0,0,1,2,1,1,1,0,0,0,0,0,0,0,0,0,1,3,2,1,1,0,1,1,0,113.94
3,2,4,1,0,3,6,4,4,3,3,0,1,1,2,1,2,2,0,3,2,2,4,3,2,4,2,0,4,4,2,2,1,2,0,4,3,3,2,3,1,2,1,0,1,2,1,1,3,1,2,2,1,1,1,0,1,0,0,0,0,0,0,0,1,2,2,1,0,0,1,1,0,125.01
3,3,4,1,4,3,5,3,2,3,3,2,1,1,4,1,2,1,0,3,2,2,4,3,2,4,2,0,5,4,2,2,0,2,0,4,1,3,2,3,1,0,1,0,1,2,1,1,3,1,2,2,1,2,1,2,1,0,0,0,0,0,0,0,1,1,2,1,0,0,1,1,0,200.0
0,0,0,1,0,4,1,2,2,1,3,2,1,1,2,1,2,1,0,3,2,1,4,3,2,4,0,0,4,1,0,2,3,3,2,4,3,3,2,3,1,0,1,0,1,2,1,1,3,1,2,2,1,1,1,0,0,0,0,0,0,0,0,0,1,1,2,1,0,0,1,1,0,121.95
3,0,4,1,2,4,3,1,1,1,1,1,1,1,2,1,2,1,0,3,2,1,4,3,2,4,0,0,0,4,2,2,0,2,0,4,3,3,2,3,1,0,1,0,1,2,1,1,3,1,2,2,1,1,1,0,0,0,0,1,0,0,0,1,1,1,2,1,0,0,1,1,0,28.69
2,2,2,1,0,3,2,3,2,2,3,0,1,1,4,2,1,1,0,0,0,2,0,2,0,1,2,0,5,3,2,2,0,2,0,4,1,1,1,1,1,0,1,0,1,2,1,1,3,0,2,2,1,2,0,2,0,0,0,0,0,0,0,0,1,1,2,1,0,0,1,1,0,200.0
3,0,2,1,0,2,5,1,0,1,3,0,1,1,2,1,2,1,0,3,2,1,4,3,2,4,0,0,5,3,1,2,0,0,0,1,1,3,2,3,0,2,2,1,2,2,1,1,3,1,2,2,1,1,1,0,0,0,0,0,0,0,0,0,1,1,2,1,0,0,1,1,0,111.84
0,1,2,1,0,0,0,1,3,1,3,0,1,1,3,0,0,1,1,2,2,3,3,3,1,4,0,0,0,4,2,2,3,3,0,2,1,3,2,3,0,3,2,1,2,2,1,1,1,2,1,1,1,0,0,0,0,0,0,0,0,0,0,0,1,1,2,1,0,0,1,1,0,139.14
0,1,0,1,0,2,2,1,3,1,3,2,2,1,4,0,0,1,0,3,1,2,2,1,0,2,0,0,0,4,2,2,0,2,0,4,4,3,1,3,1,2,1,1,2,0,0,2,2,1,2,3,0,1,1,0,0,0,0,0,0,0,0,1,1,1,2,1,0,0,1,1,0,200.0
3,0,4,1,0,3,2,1,2,3,1,2,1,1,3,1,2,1,0,3,2,2,4,3,2,4,0,0,0,4,2,2,3,3,1,3,0,3,2,3,1,0,1,0,1,2,1,1,3,1,2,2,1,0,1,0,0,0,0,0,0,0,1,1,0,0,2,1,0,0,1,1,0,46.22
2,1,0,1,0,2,2,0,2,0,0,1,1,1,4,0,0,1,0,0,1,2,2,0,0,2,0,0,5,1,2,2,0,2,0,4,1,2,0,0,1,0,1,0,1,2,1,1,1,0,0,2,1,1,1,0,0,0,0,0,0,0,0,0,1,1,2,1,0,0,1,1,0,33.03
3,0,3,1,0,2,4,1,3,3,3,0,1,1,4,1,2,1,0,3,2,4,4,3,2,4,0,0,1,4,2,1,2,3,1,1,0,3,2,3,1,2,1,0,1,2,1,1,1,1,2,2,1,1,1,0,0,0,0,0,0,0,0,0,1,1,2,1,0,0,1,1,0,40.2
1,0,0,1,0,0,0,0,2,2,1,1,1,1,4,0,0,1,0,1,1,2,2,0,0,0,0,0,1,3,1,2,0,2,0,4,1,3,2,3,1,0,1,0,1,2,1,1,1,0,0,2,1,1,1,0,0,0,0,0,0,0,0,0,1,1,2,1,0,0,1,1,0,36.44
3,0,0,1,0,4,6,1,2,3,3,0,1,0,1,1,0,1,0,3,2,0,4,3,1,4,0,0,0,3,2,2,0,2,0,4,0,3,2,3,1,0,1,0,1,2,1,1,3,1,2,0,1,1,1,0,0,0,0,0,0,0,0,0,1,0,0,1,0,0,1,1,0,40.26
1,1,2,1,0,4,0,2,3,2,3,1,1,1,2,1,2,1,0,1,2,3,4,3,2,4,0,0,2,0,0,2,0,0,0,1,0,3,0,1,1,3,1,1,2,2,1,1,3,1,2,2,1,2,1,0,0,0,0,0,1,0,0,0,1,1,0,1,0,0,1,1,0,145.41
3,0,4,1,0,1,1,1,2,3,3,1,1,1,3,1,2,1,0,3,2,2,4,3,2,4,0,0,2,4,2,2,0,2,0,4,1,2,0,2,1,0,1,0,1,2,1,1,3,1,2,1,1,2,1,0,0,0,0,0,0,0,0,0,1,1,2,1,0,0,1,1,0,36.35
3,1,4,1,2,3,0,2,3,3,1,0,1,1,2,1,2,1,0,3,2,1,4,3,2,4,0,0,1,4,2,2,2,2,0,4,3,3,2,3,1,1,1,0,1,2,1,1,3,1,2,2,1,3,1,0,0,0,0,0,0,0,1,1,0,1,2,1,0,0,1,1,0,58.17
3,1,2,1,0,3,2,3,2,1,3,2,1,1,1,1,2,1,0,3,2,3,4,3,2,4,2,0,0,4,2,2,0,0,1,3,3,3,2,3,1,0,1,0,1,2,1,1,3,1,2,2,1,1,1,0,0,0,0,0,0,0,0,1,1,3,2,1,0,0,1,1,0,200.0
1,1,2,1,0,4,5,1,2,2,3,2,1,1,4,1,2,1,0,3,2,3,4,3,2,4,0,0,0,4,2,2,3,3,0,4,0,1,0,2,1,0,1,0,1,2,1,1,2,1,2,2,1,0,0,0,0,0,0,0,0,0,0,1,1,1,0,1,0,0,1,1,0,102.91
0,0,0,1,0,2,3,0,2,2,1,1,1,1,4,0,0,1,0,0,2,2,1,3,0,3,0,0,5,1,2,2,0,1,0,0,1,3,2,3,1,0,1,0,0,2,1,1,1,0,0,2,1,1,1,0,0,0,0,0,0,0,0,0,1,1,2,1,0,0,1,1,0,33.03
0,0,0,1,0,2,2,0,2,2,0,1,1,1,4,0,0,1,0,3,2,2,1,0,0,0,0,0,5,4,2,2,0,2,0,4,1,0,2,0,1,0,1,0,1,2,1,1,1,1,2,2,1,1,1,0,0,0,0,0,0,0,0,0,1,0,2,1,0,0,1,1,0,22.66
3,0,0,1,0,2,1,0,2,3,3,1,1,1,0,0,0,1,0,3,2,3,4,3,2,4,0,0,0,4,2,2,3,3,0,2,0,3,2,3,1,0,1,0,1,2,1,1,3,1,2,1,1,1,1,0,0,0,0,0,0,0,0,0,1,1,2,1,0,0,1,1,0,25.28
3,0,4,1,0,4,1,1,3,3,3,1,1,0,4,1,2,1,0,3,2,2,4,3,2,4,0,0,1,2,1,2,0,2,0,4,3,3,2,3,1,0,1,0,1,2,1,1,1,1,2,1,1,1,1,0,0,0,0,0,1,0,0,1,1,3,0,0,0,0,0,1,0,93.65
0,1,2,1,0,0,0,1,2,2,3,3,1,1,4,2,1,1,0,0,0,4,2,2,1,2,0,0,0,4,2,2,0,1,0,0,0,1,0,2,1,0,1,0,1,2,1,1,3,1,2,2,1,3,1,0,0,0,0,0,0,0,0,0,1,1,2,1,0,0,1,1,0,92.69
3,0,4,1,0,2,5,1,0,3,3,1,1,1,3,1,2,1,0,3,2,3,4,3,2,4,0,0,1,4,2,2,0,2,0,4,3,3,2,3,1,2,1,0,1,2,1,1,2,1,2,2,1,1,1,0,0,0,0,0,0,0,0,0,1,1,2,1,0,0,1,1,0,40.260000000000005
3,1,4,1,0,3,1,3,4,3,3,1,1,1,3,1,2,0,0,3,2,2,4,3,2,4,1,0,5,4,2,2,1,2,0,4,4,2,1,2,1,2,1,0,1,1,1,1,1,1,2,3,1,1,1,0,0,0,0,0,0,0,0,0,1,1,2,1,0,0,1,1,0,116.05
0,0,2,1,0,4,4,1,2,1,3,1,1,1,1,2,1,1,0,0,2,3,4,3,2,4,0,0,0,3,2,2,0,2,0,4,1,3,2,3,1,0,1,0,0,2,1,1,1,2,1,2,1,1,1,0,0,0,0,0,0,0,0,0,1,1,2,1,0,0,1,1,0,85.36
3,2,4,1,4,3,2,3,2,3,3,0,1,1,1,1,2,1,0,3,2,3,4,3,2,4,2,0,0,4,2,2,0,2,0,4,3,3,2,3,1,0,1,0,1,2,1,1,3,1,2,2,1,1,1,0,0,0,0,0,0,0,0,1,1,3,2,1,0,0,1,1,0,200.0
3,0,4,1,0,4,3,2,3,3,3,1,1,1,2,1,2,1,0,3,2,1,4,3,2,4,0,0,1,4,2,2,2,2,0,4,3,3,2,3,1,1,1,0,1,2,1,1,3,1,2,2,1,3,1,0,0,0,0,0,0,0,0,1,1,1,2,1,0,0,1,1,0,58.17
0,1,0,1,0,1,5,1,2,1,1,0,1,1,4,0,0,1,0,1,2,2,1,3,0,3,0,0,0,4,2,0,1,3,0,1,0,3,1,3,1,0,0,0,0,2,1,1,2,1,2,2,1,1,1,0,0,0,0,0,0,0,0,0,1,3,1,0,0,0,1,1,0,50.31
1,0,0,0,1,0,0,0,0,0,1,0,1,0,1,0,0,1,0,3,1,2,2,0,0,3,0,0,0,3,2,2,0,1,0,0,1,1,0,2,1,0,1,0,1,2,1,1,3,1,2,2,1,1,1,0,0,0,0,0,0,0,0,0,1,0,0,1,0,0,1,1,0,29.2
3,3,4,1,3,2,1,1,2,3,0,1,1,1,2,1,2,1,0,3,2,3,4,3,2,4,1,0,1,4,2,2,0,2,0,4,1,3,2,3,1,2,1,0,1,2,1,1,3,1,2,2,1,0,1,0,0,0,0,0,0,0,0,0,1,1,2,1,0,0,1,1,0,78.25999999999999
3,0,0,1,0,4,6,2,0,3,3,0,1,1,2,1,2,1,0,3,2,3,4,3,2,4,0,0,0,4,2,2,3,3,0,2,1,3,0,3,1,0,1,0,1,3,1,1,3,1,2,2,1,1,1,0,0,0,0,1,0,0,0,0,1,1,2,1,1,0,1,1,0,200.0
0,1,2,1,0,2,0,1,2,1,3,1,1,1,4,2,1,2,0,3,2,1,4,3,2,4,1,0,0,3,2,0,0,1,0,0,3,3,2,3,0,3,0,1,2,2,1,1,1,2,1,2,1,1,1,0,0,0,0,0,0,0,0,0,1,1,2,1,0,0,1,1,0,104.49
1,1,0,0,1,4,3,1,3,1,3,0,2,1,1,0,1,1,0,3,1,2,3,1,0,2,0,0,1,4,2,2,0,2,0,4,2,0,1,1,1,0,1,0,1,1,0,2,2,1,2,2,1,1,1,0,0,0,0,0,0,0,0,1,1,0,2,1,0,0,1,1,0,73.75
3,3,4,1,0,3,2,1,2,3,2,1,1,1,3,1,2,1,0,3,2,2,4,3,2,4,0,0,0,4,2,2,3,2,0,4,0,3,2,3,1,0,1,0,1,2,1,1,3,1,2,2,1,2,1,0,0,0,0,0,0,0,0,0,1,1,2,1,0,1,1,1,0,86.94
3,0,4,1,0,4,1,0,1,3,0,1,1,1,3,1,2,1,0,3,2,1,4,3,2,4,0,0,0,4,2,2,0,2,0,4,1,3,2,3,1,0,1,0,1,2,1,1,3,1,2,2,1,3,1,0,0,0,1,0,0,0,0,0,1,1,2,1,0,0,1,1,0,18.06
3,3,4,1,2,2,2,1,0,3,0,0,1,1,2,1,2,1,0,3,2,3,4,3,2,4,0,0,1,4,2,2,3,2,0,4,3,3,2,3,1,0,1,0,1,2,1,1,3,1,2,2,1,1,1,0,0,0,0,2,0,0,0,0,1,1,2,1,0,0,1,1,0,154.93
3,0,3,1,0,3,0,1,2,3,1,0,1,1,1,1,2,1,0,3,2,2,4,3,2,4,0,0,0,4,2,2,0,2,0,4,0,3,2,3,1,0,1,0,1,2,1,1,2,1,2,2,1,1,1,0,0,0,0,0,0,0,0,0,1,1,2,1,0,0,0,0,1,33.16
0,1,0,1,0,4,1,2,3,1,3,1,1,1,2,1,2,1,0,3,2,1,4,3,2,4,0,0,1,4,2,2,2,2,1,4,3,3,2,0,0,1,2,1,2,2,1,1,3,1,2,2,1,3,1,0,0,0,0,0,0,0,0,1,1,1,2,1,0,0,1,1,0,58.17
3,3,4,1,0,2,2,1,2,3,0,1,1,1,4,1,2,0,0,3,2,3,4,3,2,4,0,0,2,4,2,2,0,2,0,4,1,3,2,3,1,0,1,0,1,2,1,1,2,1,2,2,1,1,1,0,0,0,0,0,0,0,0,0,1,1,2,1,0,0,1,1,0,72.31
3,0,0,0,1,4,3,2,4,3,3,0,1,1,2,1,2,1,0,3,2,2,4,3,2,4,0,0,3,2,0,0,3,0,0,1,4,3,2,3,1,0,1,0,1,0,1,1,3,1,2,2,1,1,1,0,0,0,0,0,0,0,0,0,1,0,2,1,0,0,1,1,0,56.18
3,0,3,1,0,3,3,2,4,3,3,0,1,1,2,1,2,1,0,3,2,0,4,3,2,4,0,0,1,4,2,2,3,2,0,4,0,3,2,3,1,0,1,0,1,2,1,1,1,1,2,1,1,1,1,0,0,0,0,0,0,0,0,0,1,1,2,1,0,0,1,1,0,55.54
3,0,3,1,0,4,6,1,0,3,3,1,1,1,1,1,2,1,0,3,2,3,3,3,2,0,0,0,0,4,2,2,0,2,0,4,3,3,2,3,1,0,1,0,1,2,1,1,3,1,2,2,1,0,1,0,0,0,0,0,0,0,0,0,1,1,2,1,0,0,1,1,0,20.21
0,1,1,1,0,3,3,1,2,1,3,1,1,1,3,1,2,1,0,1,1,2,3,0,1,3,0,0,0,4,2,2,3,3,1,2,0,3,1,3,1,0,1,0,1,2,1,1,3,0,2,2,1,2,1,0,0,0,0,0,0,0,0,0,1,1,2,1,0,0,1,1,0,86.94
3,0,4,0,1,3,4,3,3,3,3,1,1,1,4,1,2,1,0,3,2,2,4,3,2,4,0,0,1,2,1,2,0,2,0,4,0,3,2,3,1,2,1,0,1,2,1,1,2,1,2,3,1,2,1,0,0,0,0,0,0,0,0,0,1,1,2,1,0,0,1,1,0,74.71000000000001
0,1,0,1,0,4,3,2,4,3,1,2,1,1,4,0,0,0,1,2,2,3,4,3,2,4,0,0,4,2,0,0,4,2,1,2,0,3,2,3,1,0,0,0,0,2,1,1,1,2,0,2,1,1,1,0,0,0,0,0,0,0,0,0,1,1,2,1,0,0,1,1,0,55.21
3,3,4,1,2,4,0,3,2,3,3,0,1,1,1,1,2,1,0,3,2,3,4,3,2,4,2,0,0,4,2,2,0,2,0,4,3,3,2,3,1,0,1,0,1,2,1,1,3,1,2,2,1,1,1,0,0,0,0,0,0,0,1,1,0,3,2,1,0,0,1,1,0,200.0
3,0,1,1,0,3,4,2,2,3,3,0,1,1,3,1,2,1,0,3,2,1,4,3,2,4,0,0,1,4,2,2,3,2,0,4,1,3,2,3,1,0,1,0,1,2,1,1,3,1,2,2,1,1,1,0,0,0,0,0,0,0,0,1,1,1,2,1,0,0,1,1,0,88.08
1,2,2,1,0,3,0,1,2,2,1,0,1,1,3,2,0,1,0,1,2,2,1,3,0,3,0,0,5,0,2,2,0,0,0,1,1,3,0,1,0,2,0,0,0,2,1,1,3,0,2,2,1,0,1,0,0,0,0,0,0,0,0,0,1,1,2,1,0,0,1,1,0,58.260000000000005
3,0,3,1,0,4,0,2,4,3,3,1,1,1,4,1,2,0,0,3,2,3,4,3,2,4,0,0,4,4,0,2,4,2,0,4,0,3,2,3,1,0,1,0,1,2,1,1,1,1,2,2,1,1,1,0,0,0,0,0,0,0,0,0,1,1,2,1,0,0,1,1,0,55.21
3,3,4,1,2,4,0,1,0,3,2,0,1,1,1,1,2,1,0,3,2,3,4,3,2,4,0,0,5,4,2,2,0,2,0,4,3,3,2,3,1,0,1,0,1,2,1,1,1,1,2,2,1,1,1,0,0,0,0,0,0,0,1,1,0,1,2,1,0,0,1,1,0,49.84
0,0,0,1,0,2,2,1,2,1,3,2,1,1,0,0,0,1,0,3,2,3,4,3,2,4,0,0,5,3,2,2,0,2,0,4,1,3,2,3,1,0,1,0,1,2,1,1,2,1,2,2,1,1,1,0,0,0,0,0,0,0,0,0,1,0,2,1,0,0,1,1,0,29.24
3,3,4,1,2,2,4,1,3,3,2,0,1,1,4,1,2,1,0,3,2,2,4,3,2,4,0,0,1,4,2,2,0,2,0,4,3,3,2,3,1,0,1,0,1,2,1,1,1,1,2,1,1,1,1,0,0,0,0,0,1,0,1,1,0,3,2,1,0,0,1,1,0,93.65
3,0,0,1,0,3,2,4,4,3,3,1,2,1,2,1,2,1,0,3,2,2,4,3,2,4,0,0,0,4,2,2,1,2,0,4,1,1,0,2,1,3,1,0,1,3,0,0,3,1,2,3,1,1,1,0,0,0,0,0,0,0,0,0,1,3,2,1,0,0,1,2,0,119.88
0,1,0,1,0,4,3,3,2,2,1,1,1,1,4,0,0,0,1,3,2,1,0,3,2,1,1,0,2,4,2,2,0,1,0,0,1,1,2,0,1,0,1,0,1,2,1,1,2,2,0,2,1,1,1,0,0,0,0,0,0,0,0,0,1,1,2,1,0,0,1,1,0,69.44
2,2,1,1,0,4,5,1,3,2,1,1,1,1,4,1,0,1,0,0,0,2,0,1,0,1,0,0,1,2,1,0,0,1,0,0,3,1,2,0,1,0,1,0,1,2,1,1,1,2,1,1,1,1,1,0,0,0,0,0,1,0,0,1,1,3,2,1,0,0,1,1,0,93.65
3,0,3,1,0,4,4,1,2,3,3,0,1,1,3,1,2,0,0,3,2,3,4,3,2,4,0,0,2,4,2,2,3,2,0,4,3,3,2,3,1,0,1,0,1,2,1,1,2,1,2,2,1,1,1,0,0,0,0,0,0,0,0,0,1,3,2,1,0,0,1,1,0,200.0
3,0,1,1,0,3,1,1,2,3,3,1,1,1,1,1,2,1,0,3,2,2,4,3,2,4,0,0,0,3,2,2,0,2,0,4,3,3,2,3,1,2,1,0,1,1,1,1,1,1,2,2,1,1,1,0,0,0,0,0,0,0,0,1,1,0,2,1,0,0,1,0,0,58.620000000000005
3,0,2,1,0,1,4,0,1,2,1,1,1,1,2,1,2,1,0,3,2,1,4,3,2,4,0,0,0,4,2,2,0,2,0,4,3,3,2,0,1,0,1,0,1,2,1,1,3,1,2,2,1,2,0,0,0,0,0,0,0,0,0,0,1,1,2,1,0,0,1,1,0,13.34
3,0,4,1,2,0,6,0,1,3,0,0,1,1,3,1,2,1,0,3,2,1,4,3,2,4,0,0,0,4,2,2,0,2,0,4,3,3,2,3,1,0,1,0,1,0,1,1,2,1,2,2,1,1,1,0,0,0,0,0,0,0,0,0,1,1,2,1,0,0,1,1,0,15.14
3,0,3,1,0,2,1,1,0,3,3,1,1,1,1,1,2,1,0,3,2,3,3,3,2,0,0,0,0,4,2,2,0,2,0,4,3,3,2,3,1,0,1,0,1,2,1,1,3,1,2,2,1,0,1,0,0,0,0,0,0,0,0,0,1,1,2,1,0,0,1,1,0,20.21
3,0,1,1,0,3,4,4,4,3,3,1,1,1,2,1,2,2,0,3,2,2,4,3,2,4,2,0,4,4,2,2,1,2,1,4,3,3,2,3,1,2,1,0,1,2,1,1,3,1,2,2,1,1,1,0,0,0,0,0,0,0,0,0,1,2,2,1,0,0,1,1,0,125.01
2,1,0,1,0,2,0,0,2,0,0,2,2,1,4,1,2,1,0,3,2,3,3,0,0,2,0,0,1,3,1,2,0,2,0,4,0,1,1,1,1,0,1,0,1,2,0,0,2,1,2,2,1,1,1,0,0,0,0,0,0,0,0,0,1,1,2,1,0,0,1,1,0,25.07
0,0,2,1,0,2,3,1,0,2,1,1,1,1,4,1,2,1,0,3,2,3,4,3,2,4,0,0,1,4,2,2,0,0,0,1,1,1,2,0,1,0,1,0,1,2,1,1,3,1,2,2,1,0,0,0,0,0,0,0,0,0,0,0,1,0,2,1,0,0,1,1,0,20.2
3,0,4,1,0,3,6,3,2,3,3,1,1,1,4,1,2,0,0,3,2,1,4,3,2,4,1,0,2,4,2,2,0,2,0,4,1,3,2,3,1,0,1,0,1,2,1,1,2,1,2,2,1,1,1,0,0,0,1,0,0,0,0,0,1,1,2,1,0,0,1,1,0,69.44
3,0,4,1,0,3,5,2,3,3,3,0,1,1,3,1,2,1,0,3,2,2,4,3,2,4,0,0,1,4,2,2,3,2,0,4,0,3,2,3,1,0,1,0,1,2,1,1,3,1,2,1,1,0,1,0,0,0,0,0,0,0,0,1,1,1,2,1,0,0,1,1,0,129.13
0,0,0,1,0,4,6,1,2,1,3,1,1,1,0,1,0,1,0,3,2,2,4,3,2,4,0,0,0,4,2,2,0,2,0,4,1,1,0,2,1,0,1,0,0,3,1,1,3,1,2,2,1,1,1,0,0,0,0,0,0,0,0,0,1,0,2,1,0,0,1,1,0,43.67
3,2,4,1,3,3,0,0,1,3,0,1,1,1,2,1,2,1,0,3,2,3,4,3,2,4,0,0,0,4,2,2,0,2,0,4,1,3,2,3,1,0,1,0,1,2,1,1,3,1,2,2,1,1,1,0,0,0,0,0,0,1,0,0,1,1,2,1,0,0,1,1,0,41.96
1,1,2,1,0,2,0,1,2,0,1,1,2,1,1,0,1,1,0,0,1,3,0,1,0,1,0,0,0,4,2,2,0,1,0,0,1,0,2,0,1,0,1,0,1,2,0,0,1,0,1,2,1,1,1,0,0,0,0,0,0,0,0,0,1,1,2,1,0,0,1,1,0,85.36
0,1,2,1,0,4,1,0,2,2,1,1,1,1,3,1,2,1,0,3,2,2,4,3,2,4,0,0,0,4,2,2,0,1,0,0,0,3,0,1,0,3,2,1,2,2,1,1,3,1,2,2,1,0,0,0,0,0,0,0,0,0,0,0,1,1,2,1,0,0,1,1,0,36.58
3,0,3,1,0,3,1,1,3,3,3,0,1,1,3,1,2,0,0,3,2,2,4,3,2,4,0,0,4,4,2,0,1,3,0,2,0,3,2,3,1,0,1,0,1,2,1,1,2,1,2,2,1,1,1,0,0,0,0,0,0,0,0,0,1,1,2,1,0,0,1,1,0,51.81
3,0,0,1,0,2,1,1,0,3,3,1,1,1,1,1,0,1,0,3,2,2,1,3,0,4,0,0,0,4,2,2,0,2,0,4,1,3,2,3,1,0,1,0,1,2,1,1,3,1,2,2,1,1,1,0,0,0,0,0,0,0,0,0,1,1,2,1,0,0,1,1,0,23.880000000000003
3,3,4,1,2,3,1,1,2,3,2,0,1,1,1,1,2,1,0,3,2,2,4,3,2,4,0,0,0,4,2,2,0,2,0,4,3,3,2,3,1,2,1,0,1,1,1,1,1,1,2,2,1,1,1,0,0,0,0,0,0,0,1,1,0,0,2,1,0,0,1,0,0,58.620000000000005
2,1,0,1,0,4,1,2,4,2,1,1,2,0,2,1,2,1,0,3,2,2,1,0,1,3,0,0,3,2,0,2,3,3,0,2,4,0,1,1,1,0,1,0,1,0,0,2,3,1,2,2,1,1,1,0,0,0,0,0,0,0,0,0,1,0,0,1,0,0,1,1,0,56.18
3,0,3,1,0,3,3,3,2,3,3,0,1,1,2,1,2,1,0,3,2,2,4,3,2,4,0,0,0,3,2,2,3,2,0,4,0,3,2,3,1,0,1,0,1,2,1,1,3,1,2,2,1,1,1,0,0,0,0,0,0,0,0,0,1,1,2,1,1,0,1,1,0,70.48
3,0,1,1,0,2,0,1,2,3,3,1,1,1,4,1,2,0,0,3,2,2,4,3,2,4,0,0,1,4,2,0,0,1,0,0,1,3,2,3,1,0,1,0,1,0,1,1,1,1,2,2,1,1,1,0,0,0,0,0,0,0,0,0,1,1,2,1,0,0,1,1,0,29.380000000000003
2,3,2,1,0,0,2,3,4,2,3,0,1,1,4,1,2,1,0,3,1,2,3,1,1,2,0,0,2,4,0,0,3,4,0,3,4,2,1,2,0,2,0,0,0,2,1,1,2,1,2,3,0,0,0,0,0,0,0,0,1,0,0,0,1,1,0,1,0,0,1,1,0,153.19
3,0,4,0,1,2,0,2,2,3,3,0,1,1,3,1,2,1,0,3,2,3,4,3,2,4,0,0,2,4,2,2,3,2,0,4,0,3,2,3,1,0,1,0,1,2,1,1,3,1,2,2,1,1,1,0,0,0,0,0,0,0,0,0,1,1,2,1,0,0,1,1,0,29.12
1,1,2,1,0,1,2,1,2,2,1,0,2,1,3,1,2,1,0,3,2,3,3,1,0,2,0,0,2,2,0,2,0,2,0,4,1,0,0,0,1,0,0,0,0,2,0,0,2,1,2,2,1,2,1,0,0,0,0,0,0,0,0,0,1,1,2,1,1,0,0,1,0,81.63
1,1,0,1,0,2,1,3,4,1,3,0,0,1,3,1,2,0,0,3,2,2,4,3,2,4,1,0,5,4,2,1,1,0,1,1,4,0,1,1,1,2,1,0,2,1,0,2,1,1,2,3,0,1,1,0,0,0,0,0,0,0,0,0,1,1,2,1,0,0,1,1,0,116.05
1,3,0,1,0,4,6,3,4,1,1,0,0,1,3,1,2,0,1,0,2,2,4,3,2,4,1,0,5,2,1,2,1,2,1,2,4,0,1,1,1,2,1,0,2,1,0,2,1,1,0,3,1,1,1,0,0,0,0,0,0,0,0,0,1,1,2,1,0,0,1,1,0,116.05
3,1,4,1,3,3,5,3,4,3,3,0,1,1,4,1,2,1,0,3,2,2,4,3,2,4,0,0,2,4,2,2,3,2,0,4,4,3,2,3,1,2,1,0,1,2,1,1,2,1,2,3,1,0,1,0,0,0,0,0,1,1,0,0,1,1,2,1,0,0,1,1,0,153.19
3,3,4,2,1,0,3,0,1,0,2,0,1,1,2,1,2,1,0,3,2,1,4,3,2,4,0,0,0,4,2,2,0,2,0,4,3,3,2,3,1,0,1,0,1,2,1,1,3,1,2,2,1,1,1,0,0,0,0,0,0,0,0,0,1,1,2,1,0,0,1,1,0,200.0
3,3,4,1,2,1,4,1,3,3,2,0,1,1,4,1,2,1,0,3,2,2,4,3,2,4,0,0,1,4,2,2,4,2,0,4,3,3,2,3,1,3,1,0,1,0,1,1,3,1,2,2,1,1,1,0,0,0,0,0,0,0,1,1,0,0,2,1,0,0,1,1,0,64.54
3,0,0,0,1,2,3,1,2,1,3,1,1,1,4,0,0,0,0,2,2,2,1,3,2,3,0,0,0,4,2,2,3,2,0,4,3,3,2,3,1,2,1,0,1,2,1,1,1,1,0,2,1,1,1,0,0,0,0,0,0,0,0,0,1,3,1,1,0,0,1,1,0,42.95
0,0,0,1,0,4,3,3,3,3,3,1,1,1,3,0,2,1,0,0,2,2,4,3,2,4,0,0,3,2,0,2,3,3,0,2,1,3,2,3,1,0,1,0,1,3,1,1,3,2,0,2,1,1,1,0,0,0,0,0,0,0,0,1,1,1,2,1,0,0,1,1,0,63.38
3,0,1,1,0,1,3,1,0,3,3,1,1,1,3,1,2,1,0,3,2,3,4,3,2,4,0,0,0,3,2,2,0,2,0,4,1,3,2,3,1,0,1,0,1,3,1,1,1,1,2,2,1,1,1,0,0,0,0,0,0,0,0,0,1,1,0,1,0,0,1,1,0,38.53
3,3,4,1,2,2,3,2,3,3,0,0,1,1,3,1,2,1,0,3,2,2,4,3,2,4,0,0,1,4,2,2,3,2,0,4,0,3,2,3,1,0,1,0,1,2,1,1,3,1,2,1,1,0,1,0,0,0,0,0,0,0,1,1,0,1,2,1,0,0,1,1,0,129.13
3,0,4,0,1,4,4,1,2,3,3,0,1,1,1,2,1,1,0,3,2,2,4,3,2,4,0,0,1,4,2,2,0,2,0,4,1,3,2,3,1,0,1,0,1,2,1,1,2,1,2,2,1,1,1,0,0,0,0,0,0,0,0,0,1,0,2,1,0,0,1,1,0,27.39
2,3,0,1,4,4,4,2,1,1,0,2,2,1,4,0,0,1,0,2,1,2,3,1,1,2,2,0,0,1,1,0,3,0,1,3,2,1,1,3,1,2,0,1,2,1,1,2,1,1,0,2,1,1,1,0,0,0,0,0,0,0,0,0,1,0,2,1,0,0,1,2,0,102.47
0,0,2,1,0,4,2,1,3,1,3,1,1,1,4,0,0,1,0,0,2,2,4,3,2,4,0,0,1,0,1,2,0,2,0,4,3,3,2,3,1,0,1,0,1,2,1,1,1,2,1,1,1,1,1,0,0,0,0,0,1,0,0,1,1,3,2,1,0,0,1,1,0,93.65
3,3,4,1,0,3,5,1,0,3,1,1,1,1,2,1,2,1,0,3,2,1,4,3,2,4,0,0,5,4,2,2,0,2,0,4,1,3,2,3,1,2,1,0,1,2,1,1,3,1,2,2,1,1,1,0,1,0,0,0,0,0,0,0,1,1,2,1,0,0,1,1,0,111.84
3,1,4,1,4,4,2,1,3,3,1,1,1,0,3,1,2,1,0,3,2,3,4,3,2,4,0,0,5,4,2,2,0,2,0,4,1,3,2,3,1,3,1,0,1,2,1,1,3,1,2,1,1,0,1,0,0,0,0,0,0,0,0,0,1,2,1,0,0,0,1,1,0,59.92
3,1,0,1,0,2,3,1,2,1,1,1,1,1,3,1,2,0,1,0,2,1,4,3,2,4,0,0,2,4,0,0,1,3,1,2,3,3,2,3,0,3,0,1,2,2,1,1,3,1,2,2,1,1,1,0,0,0,0,0,0,0,0,0,1,1,2,1,0,0,1,1,0,32.58
0,0,0,1,0,3,3,1,2,1,1,0,1,1,0,1,0,1,0,1,2,3,3,3,2,0,0,0,5,4,2,2,0,2,0,4,1,3,1,3,1,0,1,0,1,2,1,1,2,1,2,2,1,1,1,0,0,0,0,0,0,0,0,0,1,0,2,1,0,0,1,1,0,29.24
3,3,4,1,3,2,1,2,3,3,3,0,1,1,4,1,2,1,0,3,2,2,4,3,2,4,0,0,1,4,2,2,0,2,0,4,1,3,2,3,1,0,1,0,1,2,1,1,3,1,2,2,1,3,1,0,0,0,0,2,0,0,1,1,0,0,2,1,0,0,1,1,0,200.0
1,1,0,1,0,1,2,1,2,2,0,0,1,1,1,1,0,1,0,3,1,0,1,1,1,0,0,0,0,4,2,2,0,1,0,0,0,0,0,2,1,0,1,0,1,2,1,1,3,1,2,0,0,1,1,0,0,0,0,0,0,0,0,0,1,0,2,1,0,0,1,1,0,40.26
0,1,2,1,0,4,4,1,1,0,1,1,1,1,3,2,0,1,0,1,2,1,0,0,2,1,0,0,0,4,2,2,0,2,0,4,3,3,2,3,0,2,0,0,0,2,1,1,3,0,2,2,1,1,1,0,0,0,0,0,0,0,0,0,1,0,2,1,0,0,1,1,0,52.32
3,2,4,1,2,2,4,1,2,3,0,2,1,1,0,1,2,1,0,3,2,2,4,3,2,4,0,0,0,4,2,2,0,2,0,4,1,3,2,3,1,0,1,0,1,3,1,1,3,1,2,2,1,1,1,0,0,0,0,0,0,1,0,0,1,0,2,1,0,0,1,1,0,43.67
3,0,0,1,0,4,4,1,0,1,3,1,1,1,0,0,0,1,0,3,2,3,4,3,2,4,0,0,0,4,2,2,0,0,0,1,3,3,2,2,1,0,1,0,1,2,1,1,3,1,2,2,1,1,1,0,0,0,0,0,0,0,0,0,1,2,2,1,0,0,1,1,0,22.69
3,0,4,1,0,4,3,1,0,3,3,1,1,1,2,1,2,1,0,3,2,2,4,3,2,4,0,0,0,4,2,2,0,2,0,4,1,3,2,3,1,0,1,0,1,2,1,1,3,1,2,2,1,2,1,0,0,0,0,0,0,0,0,0,1,1,2,1,0,0,0,0,1,37.56
3,3,4,1,3,3,5,2,1,3,1,0,1,1,4,1,2,1,0,3,2,4,4,3,2,4,0,0,1,4,2,2,4,2,0,4,4,3,2,3,1,0,1,0,1,2,1,1,3,1,2,2,1,1,1,0,0,0,0,2,0,0,0,0,1,0,2,1,0,0,1,1,0,175.43
3,0,4,1,4,4,5,2,3,3,3,0,1,1,3,1,2,1,0,3,2,2,4,3,2,4,0,0,1,4,2,2,3,2,0,4,0,3,2,3,1,0,1,0,1,2,1,1,3,1,2,1,1,0,1,0,0,0,0,0,0,0,0,1,1,1,2,1,0,0,1,1,0,129.13
3,1,4,1,0,3,3,3,2,3,3,1,1,1,2,1,2,1,0,3,2,2,4,3,2,4,0,0,0,4,2,2,3,2,0,4,0,2,1,2,1,0,1,0,1,2,1,1,3,1,2,2,1,1,1,0,0,0,0,0,0,0,0,0,1,1,2,1,1,0,1,1,0,70.48
2,2,2,1,0,3,4,1,0,0,1,0,1,1,3,2,0,1,0,1,1,3,0,0,2,1,0,0,1,3,1,2,0,1,0,0,3,3,2,0,0,2,0,0,0,2,1,1,2,2,0,2,1,1,1,0,0,0,0,0,0,0,0,1,1,1,2,1,0,0,1,1,0,90.99
